File ID,digit_label,participant,intonation
0000000.wav,4,S73,1
0000001.wav,2,S88,2
0000002.wav,70,S5,3
0000003.wav,2,S85,4
0000004.wav,4,S30,2
0000005.wav,10,S55,1
0000006.wav,2,S136,3
0000007.wav,50,S171,4
0000008.wav,30,S41,4
0000009.wav,1,S29,2
0000010.wav,3,S152,2
0000011.wav,18,S89,4
0000012.wav,6,S54,1
0000013.wav,9,S89,4
0000014.wav,70,S7,3
0000015.wav,90,S102,3
0000016.wav,9,S30,4
0000017.wav,2,S158,4
0000018.wav,80,S95,3
0000019.wav,50,S119,4
0000020.wav,1000000000,S32,1
0000021.wav,90,S31,3
0000022.wav,70,S154,2
0000023.wav,5,S42,1
0000024.wav,1000000000,S1,4
0000025.wav,4,S41,3
0000026.wav,1000,S155,4
0000027.wav,7,S30,2
0000028.wav,9,S35,1
0000029.wav,1000,S64,2
0000030.wav,1,S81,1
0000031.wav,9,S125,2
0000032.wav,9,S87,4
0000033.wav,1,S130,1
0000034.wav,9,S25,2
0000035.wav,20,S155,1
0000036.wav,70,S92,1
0000037.wav,70,S178,1
0000038.wav,40,S141,4
0000039.wav,5,S11,1
0000040.wav,4,S81,3
0000041.wav,11,S73,4
0000042.wav,5,S54,3
0000043.wav,1000000,S6,4
0000044.wav,15,S136,3
0000045.wav,10,S128,2
0000046.wav,6,S41,3
0000047.wav,3,S147,2
0000048.wav,9,S181,4
0000049.wav,16,S154,1
0000050.wav,14,S67,1
0000051.wav,16,S133,1
0000052.wav,1000,S53,4
0000053.wav,12,S34,3
0000054.wav,13,S145,1
0000055.wav,7,S22,2
0000056.wav,90,S83,4
0000057.wav,3,S171,4
0000058.wav,12,S83,1
0000059.wav,18,S155,2
0000060.wav,80,S68,1
0000061.wav,11,S12,2
0000062.wav,60,S31,1
0000063.wav,90,S80,3
0000064.wav,11,S41,2
0000065.wav,5,S178,1
0000066.wav,16,S119,2
0000067.wav,0,S38,4
0000068.wav,15,S144,1
0000069.wav,30,S146,3
0000070.wav,80,S181,2
0000071.wav,6,S8,2
0000072.wav,4,S154,4
0000073.wav,50,S102,2
0000074.wav,12,S40,2
0000075.wav,17,S158,1
0000076.wav,9,S143,1
0000077.wav,60,S179,3
0000078.wav,9,S49,3
0000079.wav,15,S47,4
0000080.wav,15,S54,3
0000081.wav,0,S63,4
0000082.wav,15,S7,2
0000083.wav,12,S8,1
0000084.wav,14,S153,4
0000085.wav,20,S2,2
0000086.wav,9,S99,2
0000087.wav,0,S59,1
0000088.wav,17,S26,1
0000089.wav,15,S5,3
0000090.wav,17,S140,2
0000091.wav,7,S114,3
0000092.wav,60,S171,1
0000093.wav,50,S6,3
0000094.wav,13,S161,3
0000095.wav,16,S10,3
0000096.wav,3,S78,2
0000097.wav,13,S50,3
0000098.wav,9,S89,1
0000099.wav,1000000000,S152,1
0000100.wav,18,S22,4
0000101.wav,19,S68,2
0000102.wav,1,S75,3
0000103.wav,100,S151,3
0000104.wav,1000000,S61,1
0000105.wav,20,S73,2
0000106.wav,15,S158,2
0000107.wav,7,S119,1
0000108.wav,1,S164,3
0000109.wav,19,S165,1
0000110.wav,60,S136,3
0000111.wav,13,S107,2
0000112.wav,19,S54,1
0000113.wav,6,S106,4
0000114.wav,15,S136,1
0000115.wav,90,S140,1
0000116.wav,1000000,S19,1
0000117.wav,6,S89,2
0000118.wav,3,S92,4
0000119.wav,9,S179,3
0000120.wav,11,S168,4
0000121.wav,9,S62,3
0000122.wav,90,S129,3
0000123.wav,17,S142,1
0000124.wav,17,S71,3
0000125.wav,4,S124,4
0000126.wav,7,S157,3
0000127.wav,13,S121,1
0000128.wav,19,S5,1
0000129.wav,1000000,S30,3
0000130.wav,6,S43,2
0000131.wav,8,S145,1
0000132.wav,2,S41,2
0000133.wav,20,S179,1
0000134.wav,8,S81,4
0000135.wav,15,S47,3
0000136.wav,2,S86,1
0000137.wav,1000000000,S76,2
0000138.wav,11,S156,1
0000139.wav,1000000000,S119,3
0000140.wav,60,S66,3
0000141.wav,50,S42,4
0000142.wav,20,S161,4
0000143.wav,30,S48,3
0000144.wav,3,S22,4
0000145.wav,1000000000,S16,2
0000146.wav,60,S58,2
0000147.wav,4,S122,3
0000148.wav,30,S157,2
0000149.wav,1000000,S100,1
0000150.wav,16,S39,3
0000151.wav,1,S62,4
0000152.wav,1,S97,4
0000153.wav,0,S53,1
0000154.wav,1,S17,4
0000155.wav,3,S111,2
0000156.wav,1000000,S38,1
0000157.wav,5,S167,2
0000158.wav,5,S23,1
0000159.wav,10,S116,4
0000160.wav,19,S178,1
0000161.wav,30,S165,4
0000162.wav,16,S93,3
0000163.wav,5,S88,4
0000164.wav,1,S143,1
0000165.wav,30,S139,1
0000166.wav,1,S37,1
0000167.wav,100,S140,3
0000168.wav,18,S183,2
0000169.wav,40,S143,4
0000170.wav,16,S106,1
0000171.wav,12,S100,2
0000172.wav,60,S3,3
0000173.wav,60,S38,1
0000174.wav,90,S97,3
0000175.wav,60,S113,2
0000176.wav,10,S10,1
0000177.wav,10,S28,1
0000178.wav,0,S18,4
0000179.wav,18,S101,4
0000180.wav,1000000,S111,1
0000181.wav,16,S52,3
0000182.wav,40,S140,2
0000183.wav,2,S53,3
0000184.wav,20,S48,1
0000185.wav,18,S27,4
0000186.wav,90,S79,3
0000187.wav,0,S151,4
0000188.wav,2,S41,3
0000189.wav,19,S2,1
0000190.wav,13,S9,3
0000191.wav,60,S153,2
0000192.wav,100,S29,2
0000193.wav,8,S81,2
0000194.wav,40,S32,2
0000195.wav,50,S52,2
0000196.wav,2,S36,4
0000197.wav,4,S153,1
0000198.wav,13,S39,1
0000199.wav,2,S176,2
0000200.wav,13,S62,4
0000201.wav,12,S151,2
0000202.wav,4,S164,1
0000203.wav,19,S155,1
0000204.wav,9,S141,4
0000205.wav,13,S155,3
0000206.wav,3,S150,3
0000207.wav,11,S121,2
0000208.wav,100,S16,1
0000209.wav,6,S143,2
0000210.wav,1000000000,S60,1
0000211.wav,1000000000,S123,4
0000212.wav,2,S105,4
0000213.wav,18,S168,4
0000214.wav,14,S106,2
0000215.wav,90,S23,1
0000216.wav,5,S163,2
0000217.wav,0,S142,4
0000218.wav,1,S141,4
0000219.wav,20,S104,4
0000220.wav,70,S32,4
0000221.wav,5,S160,3
0000222.wav,12,S161,1
0000223.wav,20,S43,1
0000224.wav,80,S103,3
0000225.wav,7,S97,3
0000226.wav,15,S29,1
0000227.wav,15,S23,2
0000228.wav,4,S126,4
0000229.wav,10,S61,1
0000230.wav,30,S108,4
0000231.wav,8,S15,3
0000232.wav,8,S170,3
0000233.wav,1000000000,S37,1
0000234.wav,40,S147,2
0000235.wav,1000000,S40,4
0000236.wav,10,S59,2
0000237.wav,15,S25,1
0000238.wav,19,S108,4
0000239.wav,8,S50,1
0000240.wav,6,S136,1
0000241.wav,6,S55,2
0000242.wav,0,S110,1
0000243.wav,1,S19,4
0000244.wav,100,S168,3
0000245.wav,50,S21,2
0000246.wav,20,S93,1
0000247.wav,20,S144,1
0000248.wav,4,S11,1
0000249.wav,15,S72,2
0000250.wav,1000000000,S149,3
0000251.wav,70,S92,4
0000252.wav,40,S164,2
0000253.wav,40,S22,1
0000254.wav,14,S33,3
0000255.wav,13,S111,1
0000256.wav,17,S47,4
0000257.wav,30,S181,4
0000258.wav,18,S153,2
0000259.wav,10,S171,4
0000260.wav,14,S56,2
0000261.wav,70,S19,1
0000262.wav,14,S82,2
0000263.wav,13,S73,4
0000264.wav,12,S182,2
0000265.wav,100,S39,1
0000266.wav,30,S87,3
0000267.wav,17,S168,3
0000268.wav,4,S84,2
0000269.wav,6,S68,3
0000270.wav,10,S180,3
0000271.wav,15,S59,2
0000272.wav,40,S116,2
0000273.wav,50,S74,3
0000274.wav,13,S96,3
0000275.wav,80,S22,2
0000276.wav,17,S12,4
0000277.wav,3,S180,3
0000278.wav,19,S42,1
0000279.wav,3,S165,2
0000280.wav,1,S136,2
0000281.wav,8,S27,2
0000282.wav,90,S141,3
0000283.wav,2,S129,3
0000284.wav,10,S74,2
0000285.wav,17,S78,3
0000286.wav,5,S39,3
0000287.wav,1000,S179,1
0000288.wav,50,S160,2
0000289.wav,9,S13,1
0000290.wav,1000000000,S56,2
0000291.wav,40,S115,2
0000292.wav,50,S48,1
0000293.wav,1000,S164,2
0000294.wav,12,S178,1
0000295.wav,3,S20,4
0000296.wav,11,S184,2
0000297.wav,11,S18,1
0000298.wav,50,S127,2
0000299.wav,10,S17,2
0000300.wav,5,S59,4
0000301.wav,6,S140,4
0000302.wav,5,S30,3
0000303.wav,70,S112,3
0000304.wav,11,S27,4
0000305.wav,13,S29,1
0000306.wav,30,S2,1
0000307.wav,15,S112,2
0000308.wav,90,S25,3
0000309.wav,0,S115,4
0000310.wav,11,S13,3
0000311.wav,3,S120,2
0000312.wav,6,S182,2
0000313.wav,100,S129,4
0000314.wav,8,S99,3
0000315.wav,40,S172,3
0000316.wav,3,S53,2
0000317.wav,15,S87,1
0000318.wav,18,S67,2
0000319.wav,20,S82,4
0000320.wav,19,S69,1
0000321.wav,3,S39,2
0000322.wav,1000,S156,4
0000323.wav,10,S133,4
0000324.wav,6,S83,2
0000325.wav,3,S9,4
0000326.wav,1000000,S147,3
0000327.wav,1,S72,4
0000328.wav,10,S37,2
0000329.wav,50,S159,1
0000330.wav,12,S17,3
0000331.wav,30,S9,2
0000332.wav,4,S24,2
0000333.wav,70,S120,3
0000334.wav,1,S78,2
0000335.wav,50,S79,3
0000336.wav,12,S104,4
0000337.wav,6,S85,3
0000338.wav,13,S85,3
0000339.wav,6,S59,3
0000340.wav,1000000,S59,4
0000341.wav,19,S29,3
0000342.wav,11,S51,1
0000343.wav,10,S175,3
0000344.wav,12,S16,1
0000345.wav,8,S86,1
0000346.wav,19,S31,3
0000347.wav,10,S184,2
0000348.wav,4,S41,2
0000349.wav,19,S116,1
0000350.wav,1000,S40,1
0000351.wav,80,S42,1
0000352.wav,10,S111,2
0000353.wav,1,S170,4
0000354.wav,12,S106,4
0000355.wav,4,S25,3
0000356.wav,8,S96,4
0000357.wav,1000000000,S124,4
0000358.wav,40,S81,1
0000359.wav,13,S164,4
0000360.wav,12,S13,3
0000361.wav,10,S12,3
0000362.wav,30,S142,1
0000363.wav,3,S102,3
0000364.wav,1000000000,S102,2
0000365.wav,40,S80,2
0000366.wav,9,S104,2
0000367.wav,15,S166,1
0000368.wav,20,S29,4
0000369.wav,11,S39,4
0000370.wav,4,S99,2
0000371.wav,6,S154,4
0000372.wav,5,S112,4
0000373.wav,1000000000,S6,3
0000374.wav,10,S120,3
0000375.wav,6,S38,3
0000376.wav,9,S49,2
0000377.wav,3,S46,3
0000378.wav,60,S152,3
0000379.wav,12,S148,1
0000380.wav,8,S122,1
0000381.wav,80,S166,1
0000382.wav,15,S18,4
0000383.wav,10,S60,1
0000384.wav,3,S112,4
0000385.wav,40,S116,3
0000386.wav,4,S4,3
0000387.wav,15,S40,2
0000388.wav,0,S59,3
0000389.wav,14,S106,3
0000390.wav,2,S127,4
0000391.wav,10,S46,4
0000392.wav,1,S168,1
0000393.wav,100,S149,4
0000394.wav,3,S62,2
0000395.wav,7,S108,2
0000396.wav,10,S164,3
0000397.wav,14,S96,3
0000398.wav,90,S78,1
0000399.wav,12,S157,2
0000400.wav,9,S169,1
0000401.wav,90,S9,2
0000402.wav,1000000,S34,2
0000403.wav,1000000,S57,4
0000404.wav,12,S123,3
0000405.wav,19,S30,3
0000406.wav,19,S149,2
0000407.wav,9,S117,2
0000408.wav,13,S46,4
0000409.wav,1000000000,S127,3
0000410.wav,20,S80,2
0000411.wav,19,S145,4
0000412.wav,9,S39,4
0000413.wav,3,S56,4
0000414.wav,12,S73,4
0000415.wav,50,S62,2
0000416.wav,50,S159,3
0000417.wav,1000000000,S79,2
0000418.wav,70,S42,3
0000419.wav,16,S35,4
0000420.wav,100,S79,4
0000421.wav,17,S116,2
0000422.wav,1000,S101,4
0000423.wav,40,S108,3
0000424.wav,30,S92,4
0000425.wav,80,S99,2
0000426.wav,40,S155,2
0000427.wav,4,S72,1
0000428.wav,8,S162,3
0000429.wav,19,S3,4
0000430.wav,11,S2,1
0000431.wav,15,S116,2
0000432.wav,7,S129,1
0000433.wav,100,S106,3
0000434.wav,19,S40,2
0000435.wav,1,S19,3
0000436.wav,7,S48,3
0000437.wav,8,S114,3
0000438.wav,100,S155,2
0000439.wav,12,S182,3
0000440.wav,18,S84,2
0000441.wav,30,S167,4
0000442.wav,16,S100,4
0000443.wav,13,S125,3
0000444.wav,90,S133,1
0000445.wav,12,S100,4
0000446.wav,0,S136,4
0000447.wav,13,S47,3
0000448.wav,17,S39,4
0000449.wav,7,S18,4
0000450.wav,1,S63,2
0000451.wav,100,S136,1
0000452.wav,11,S117,3
0000453.wav,1000000,S165,1
0000454.wav,20,S24,2
0000455.wav,1000,S155,3
0000456.wav,20,S146,4
0000457.wav,6,S81,1
0000458.wav,1,S112,1
0000459.wav,40,S143,2
0000460.wav,1000000000,S59,1
0000461.wav,14,S151,3
0000462.wav,14,S111,1
0000463.wav,1000000,S147,1
0000464.wav,1000000,S73,2
0000465.wav,8,S136,2
0000466.wav,10,S81,4
0000467.wav,3,S83,4
0000468.wav,10,S35,2
0000469.wav,40,S73,1
0000470.wav,70,S80,2
0000471.wav,4,S120,2
0000472.wav,11,S161,4
0000473.wav,17,S156,1
0000474.wav,17,S121,2
0000475.wav,3,S35,4
0000476.wav,3,S122,3
0000477.wav,18,S138,3
0000478.wav,6,S182,2
0000479.wav,3,S165,4
0000480.wav,18,S106,1
0000481.wav,1000,S23,4
0000482.wav,80,S162,1
0000483.wav,17,S109,1
0000484.wav,60,S31,1
0000485.wav,90,S126,2
0000486.wav,30,S42,3
0000487.wav,100,S65,1
0000488.wav,50,S161,3
0000489.wav,1000000,S168,1
0000490.wav,3,S55,2
0000491.wav,13,S177,3
0000492.wav,16,S121,2
0000493.wav,7,S92,3
0000494.wav,1000000000,S44,3
0000495.wav,14,S70,2
0000496.wav,100,S116,3
0000497.wav,70,S150,3
0000498.wav,40,S57,3
0000499.wav,6,S10,2
0000500.wav,17,S116,3
0000501.wav,1000000000,S24,3
0000502.wav,100,S84,3
0000503.wav,60,S138,1
0000504.wav,1,S35,1
0000505.wav,1000,S181,1
0000506.wav,50,S35,3
0000507.wav,7,S125,1
0000508.wav,13,S116,3
0000509.wav,80,S120,2
0000510.wav,14,S32,4
0000511.wav,7,S39,3
0000512.wav,5,S100,3
0000513.wav,7,S62,1
0000514.wav,70,S170,3
0000515.wav,15,S83,1
0000516.wav,1000,S11,4
0000517.wav,8,S109,1
0000518.wav,1000000,S81,4
0000519.wav,7,S155,2
0000520.wav,5,S111,4
0000521.wav,1000000,S8,3
0000522.wav,90,S4,4
0000523.wav,8,S59,1
0000524.wav,1000000,S157,2
0000525.wav,16,S155,2
0000526.wav,12,S165,4
0000527.wav,40,S100,1
0000528.wav,4,S18,4
0000529.wav,5,S27,4
0000530.wav,50,S41,4
0000531.wav,1000000,S123,1
0000532.wav,3,S141,2
0000533.wav,2,S110,2
0000534.wav,80,S93,4
0000535.wav,15,S2,4
0000536.wav,16,S102,3
0000537.wav,50,S149,4
0000538.wav,8,S127,2
0000539.wav,15,S5,2
0000540.wav,30,S85,1
0000541.wav,13,S26,2
0000542.wav,1000000,S171,4
0000543.wav,13,S40,1
0000544.wav,100,S82,4
0000545.wav,60,S104,2
0000546.wav,9,S26,2
0000547.wav,7,S105,2
0000548.wav,17,S46,2
0000549.wav,1,S47,3
0000550.wav,8,S81,4
0000551.wav,1000000000,S67,4
0000552.wav,100,S111,4
0000553.wav,40,S100,3
0000554.wav,90,S138,4
0000555.wav,6,S162,2
0000556.wav,6,S87,1
0000557.wav,80,S3,4
0000558.wav,2,S75,1
0000559.wav,12,S61,4
0000560.wav,19,S75,4
0000561.wav,13,S30,1
0000562.wav,40,S15,1
0000563.wav,40,S12,2
0000564.wav,10,S145,2
0000565.wav,0,S11,4
0000566.wav,13,S16,2
0000567.wav,6,S113,2
0000568.wav,19,S123,3
0000569.wav,100,S20,3
0000570.wav,3,S149,4
0000571.wav,40,S58,1
0000572.wav,5,S146,3
0000573.wav,9,S10,4
0000574.wav,5,S145,1
0000575.wav,15,S9,4
0000576.wav,10,S32,1
0000577.wav,70,S103,2
0000578.wav,12,S94,1
0000579.wav,70,S7,3
0000580.wav,12,S168,4
0000581.wav,16,S67,2
0000582.wav,20,S75,4
0000583.wav,13,S61,1
0000584.wav,14,S83,2
0000585.wav,7,S172,3
0000586.wav,1000000000,S65,4
0000587.wav,14,S7,4
0000588.wav,5,S46,4
0000589.wav,30,S129,3
0000590.wav,3,S144,3
0000591.wav,7,S152,2
0000592.wav,11,S146,4
0000593.wav,12,S149,3
0000594.wav,11,S153,1
0000595.wav,12,S84,2
0000596.wav,30,S32,1
0000597.wav,1000,S138,1
0000598.wav,19,S130,3
0000599.wav,9,S17,4
0000600.wav,20,S33,3
0000601.wav,0,S88,4
0000602.wav,7,S41,4
0000603.wav,5,S69,1
0000604.wav,0,S156,4
0000605.wav,18,S9,4
0000606.wav,9,S2,4
0000607.wav,19,S27,4
0000608.wav,20,S171,2
0000609.wav,30,S27,3
0000610.wav,11,S23,4
0000611.wav,16,S24,3
0000612.wav,8,S149,3
0000613.wav,13,S167,3
0000614.wav,14,S138,2
0000615.wav,11,S109,1
0000616.wav,80,S116,2
0000617.wav,40,S114,4
0000618.wav,11,S24,1
0000619.wav,40,S110,1
0000620.wav,8,S29,4
0000621.wav,13,S81,2
0000622.wav,11,S144,3
0000623.wav,40,S72,1
0000624.wav,40,S26,2
0000625.wav,18,S34,3
0000626.wav,9,S90,4
0000627.wav,30,S171,3
0000628.wav,40,S63,2
0000629.wav,14,S108,4
0000630.wav,7,S41,3
0000631.wav,1000,S67,3
0000632.wav,1000,S174,4
0000633.wav,9,S23,2
0000634.wav,8,S63,4
0000635.wav,50,S138,2
0000636.wav,17,S106,3
0000637.wav,20,S113,2
0000638.wav,6,S159,2
0000639.wav,5,S34,1
0000640.wav,8,S47,4
0000641.wav,30,S164,3
0000642.wav,6,S70,2
0000643.wav,7,S139,4
0000644.wav,11,S8,4
0000645.wav,18,S144,1
0000646.wav,80,S139,4
0000647.wav,0,S13,4
0000648.wav,19,S90,1
0000649.wav,1000000000,S17,1
0000650.wav,9,S95,3
0000651.wav,11,S180,4
0000652.wav,6,S81,4
0000653.wav,14,S15,2
0000654.wav,6,S105,2
0000655.wav,4,S63,2
0000656.wav,40,S99,4
0000657.wav,5,S24,3
0000658.wav,50,S9,3
0000659.wav,70,S155,1
0000660.wav,13,S49,3
0000661.wav,17,S39,1
0000662.wav,5,S110,2
0000663.wav,9,S61,2
0000664.wav,100,S62,1
0000665.wav,5,S108,1
0000666.wav,20,S139,4
0000667.wav,1000,S21,1
0000668.wav,1000,S116,4
0000669.wav,30,S37,3
0000670.wav,6,S153,1
0000671.wav,2,S180,4
0000672.wav,70,S148,3
0000673.wav,7,S28,2
0000674.wav,30,S74,3
0000675.wav,10,S183,2
0000676.wav,15,S99,1
0000677.wav,13,S16,1
0000678.wav,7,S169,2
0000679.wav,90,S149,3
0000680.wav,6,S144,2
0000681.wav,4,S167,3
0000682.wav,11,S170,2
0000683.wav,4,S100,2
0000684.wav,50,S23,1
0000685.wav,11,S3,1
0000686.wav,2,S95,4
0000687.wav,1,S171,2
0000688.wav,100,S136,4
0000689.wav,6,S72,4
0000690.wav,40,S155,4
0000691.wav,3,S100,2
0000692.wav,17,S74,1
0000693.wav,100,S161,3
0000694.wav,6,S16,2
0000695.wav,40,S28,2
0000696.wav,11,S57,3
0000697.wav,90,S86,4
0000698.wav,30,S122,2
0000699.wav,1000,S24,4
0000700.wav,0,S152,1
0000701.wav,7,S86,1
0000702.wav,20,S176,4
0000703.wav,4,S130,3
0000704.wav,14,S35,1
0000705.wav,8,S58,3
0000706.wav,1000000000,S99,4
0000707.wav,1,S40,1
0000708.wav,16,S54,3
0000709.wav,6,S120,3
0000710.wav,1000000,S40,3
0000711.wav,60,S26,4
0000712.wav,12,S94,3
0000713.wav,1000,S34,2
0000714.wav,11,S78,1
0000715.wav,6,S30,2
0000716.wav,19,S88,1
0000717.wav,0,S79,3
0000718.wav,80,S145,1
0000719.wav,3,S101,4
0000720.wav,40,S9,1
0000721.wav,4,S24,3
0000722.wav,20,S177,1
0000723.wav,5,S10,1
0000724.wav,0,S177,2
0000725.wav,13,S140,2
0000726.wav,50,S111,3
0000727.wav,13,S51,1
0000728.wav,1000,S111,4
0000729.wav,5,S40,3
0000730.wav,7,S31,4
0000731.wav,30,S2,1
0000732.wav,1,S136,4
0000733.wav,4,S46,1
0000734.wav,11,S47,3
0000735.wav,0,S28,4
0000736.wav,70,S6,4
0000737.wav,1000,S140,4
0000738.wav,4,S123,1
0000739.wav,50,S138,4
0000740.wav,12,S126,1
0000741.wav,80,S111,3
0000742.wav,80,S139,3
0000743.wav,40,S23,1
0000744.wav,13,S45,3
0000745.wav,1,S43,4
0000746.wav,7,S29,2
0000747.wav,13,S73,2
0000748.wav,20,S129,3
0000749.wav,5,S107,3
0000750.wav,14,S78,4
0000751.wav,20,S19,1
0000752.wav,70,S148,1
0000753.wav,5,S68,2
0000754.wav,16,S114,1
0000755.wav,100,S111,4
0000756.wav,80,S53,1
0000757.wav,18,S101,2
0000758.wav,90,S80,4
0000759.wav,100,S177,3
0000760.wav,50,S127,1
0000761.wav,8,S87,4
0000762.wav,13,S40,1
0000763.wav,60,S90,3
0000764.wav,10,S11,3
0000765.wav,16,S48,4
0000766.wav,11,S83,2
0000767.wav,40,S109,2
0000768.wav,6,S84,3
0000769.wav,3,S109,4
0000770.wav,60,S106,3
0000771.wav,50,S62,2
0000772.wav,1000000,S163,2
0000773.wav,15,S27,2
0000774.wav,5,S54,2
0000775.wav,6,S178,1
0000776.wav,19,S54,2
0000777.wav,1000000,S41,4
0000778.wav,2,S109,1
0000779.wav,70,S86,1
0000780.wav,2,S130,4
0000781.wav,1,S39,2
0000782.wav,11,S109,2
0000783.wav,17,S90,2
0000784.wav,60,S59,4
0000785.wav,8,S65,3
0000786.wav,3,S54,4
0000787.wav,0,S1,2
0000788.wav,90,S104,1
0000789.wav,1000,S19,4
0000790.wav,0,S38,1
0000791.wav,19,S106,2
0000792.wav,1,S65,4
0000793.wav,3,S105,4
0000794.wav,13,S128,2
0000795.wav,14,S97,4
0000796.wav,6,S5,1
0000797.wav,1000000000,S2,2
0000798.wav,2,S29,2
0000799.wav,0,S86,1
0000800.wav,1,S101,3
0000801.wav,0,S162,1
0000802.wav,19,S91,1
0000803.wav,1000,S50,4
0000804.wav,1,S31,3
0000805.wav,3,S1,2
0000806.wav,20,S70,2
0000807.wav,7,S4,3
0000808.wav,8,S49,3
0000809.wav,1000000000,S82,1
0000810.wav,50,S182,2
0000811.wav,10,S139,2
0000812.wav,5,S167,3
0000813.wav,40,S3,1
0000814.wav,100,S85,3
0000815.wav,100,S161,2
0000816.wav,18,S120,1
0000817.wav,15,S99,2
0000818.wav,9,S27,4
0000819.wav,60,S154,4
0000820.wav,60,S63,4
0000821.wav,19,S46,3
0000822.wav,5,S139,4
0000823.wav,18,S184,3
0000824.wav,20,S133,2
0000825.wav,6,S140,2
0000826.wav,8,S121,2
0000827.wav,12,S174,1
0000828.wav,80,S144,3
0000829.wav,1000,S117,4
0000830.wav,0,S19,2
0000831.wav,1000000,S25,2
0000832.wav,30,S8,4
0000833.wav,90,S17,1
0000834.wav,16,S141,3
0000835.wav,13,S90,4
0000836.wav,18,S76,3
0000837.wav,1000000000,S90,1
0000838.wav,8,S53,4
0000839.wav,9,S35,2
0000840.wav,100,S151,4
0000841.wav,80,S79,1
0000842.wav,17,S12,1
0000843.wav,11,S78,4
0000844.wav,90,S31,1
0000845.wav,16,S172,4
0000846.wav,20,S152,1
0000847.wav,13,S109,2
0000848.wav,6,S156,4
0000849.wav,4,S176,2
0000850.wav,1000000000,S58,1
0000851.wav,40,S98,2
0000852.wav,1000,S110,2
0000853.wav,10,S69,1
0000854.wav,60,S146,1
0000855.wav,20,S45,2
0000856.wav,4,S143,3
0000857.wav,2,S129,1
0000858.wav,1000000,S94,3
0000859.wav,9,S107,4
0000860.wav,1,S126,3
0000861.wav,1000000000,S59,2
0000862.wav,16,S100,2
0000863.wav,16,S23,1
0000864.wav,6,S143,4
0000865.wav,100,S25,3
0000866.wav,7,S93,3
0000867.wav,20,S112,2
0000868.wav,19,S168,2
0000869.wav,13,S161,2
0000870.wav,60,S18,2
0000871.wav,80,S77,1
0000872.wav,60,S177,1
0000873.wav,15,S45,2
0000874.wav,11,S18,3
0000875.wav,1000000000,S40,4
0000876.wav,19,S152,1
0000877.wav,90,S24,4
0000878.wav,1000000,S172,3
0000879.wav,10,S54,3
0000880.wav,16,S140,1
0000881.wav,1000000000,S21,1
0000882.wav,13,S180,2
0000883.wav,3,S108,3
0000884.wav,5,S182,1
0000885.wav,2,S89,2
0000886.wav,14,S54,2
0000887.wav,19,S101,3
0000888.wav,70,S155,4
0000889.wav,1000,S6,2
0000890.wav,50,S67,1
0000891.wav,3,S59,2
0000892.wav,1,S158,2
0000893.wav,2,S106,2
0000894.wav,13,S64,2
0000895.wav,100,S32,3
0000896.wav,9,S109,3
0000897.wav,14,S73,2
0000898.wav,8,S113,1
0000899.wav,1000000000,S172,4
0000900.wav,0,S159,1
0000901.wav,14,S2,1
0000902.wav,11,S173,1
0000903.wav,15,S172,4
0000904.wav,17,S178,3
0000905.wav,16,S86,2
0000906.wav,15,S177,1
0000907.wav,80,S81,3
0000908.wav,8,S8,3
0000909.wav,60,S67,2
0000910.wav,8,S172,4
0000911.wav,40,S20,1
0000912.wav,1000000,S16,4
0000913.wav,1000,S2,3
0000914.wav,9,S4,3
0000915.wav,60,S161,3
0000916.wav,20,S18,4
0000917.wav,10,S7,2
0000918.wav,1,S59,4
0000919.wav,0,S10,2
0000920.wav,19,S54,2
0000921.wav,1,S85,3
0000922.wav,1000000,S9,2
0000923.wav,5,S52,4
0000924.wav,2,S82,3
0000925.wav,15,S95,4
0000926.wav,16,S115,2
0000927.wav,12,S49,3
0000928.wav,40,S130,2
0000929.wav,50,S76,2
0000930.wav,3,S53,3
0000931.wav,5,S111,4
0000932.wav,12,S42,1
0000933.wav,0,S69,4
0000934.wav,9,S70,2
0000935.wav,1000,S126,3
0000936.wav,1000,S27,1
0000937.wav,18,S179,4
0000938.wav,4,S178,2
0000939.wav,0,S81,3
0000940.wav,9,S69,2
0000941.wav,90,S18,3
0000942.wav,18,S6,2
0000943.wav,10,S82,1
0000944.wav,2,S89,1
0000945.wav,70,S138,4
0000946.wav,40,S48,3
0000947.wav,1000,S178,4
0000948.wav,90,S182,3
0000949.wav,80,S86,3
0000950.wav,60,S62,1
0000951.wav,1000000,S20,3
0000952.wav,18,S134,1
0000953.wav,3,S114,1
0000954.wav,20,S97,2
0000955.wav,4,S120,4
0000956.wav,8,S125,1
0000957.wav,11,S166,1
0000958.wav,12,S146,1
0000959.wav,6,S181,2
0000960.wav,90,S102,4
0000961.wav,17,S68,1
0000962.wav,0,S100,2
0000963.wav,1000000000,S6,1
0000964.wav,70,S43,3
0000965.wav,3,S42,4
0000966.wav,70,S27,1
0000967.wav,60,S103,3
0000968.wav,70,S88,1
0000969.wav,80,S96,4
0000970.wav,7,S127,2
0000971.wav,1,S128,1
0000972.wav,2,S144,2
0000973.wav,40,S180,2
0000974.wav,40,S108,3
0000975.wav,18,S143,3
0000976.wav,4,S137,3
0000977.wav,17,S6,2
0000978.wav,12,S56,2
0000979.wav,90,S106,2
0000980.wav,6,S54,1
0000981.wav,15,S41,1
0000982.wav,10,S78,3
0000983.wav,1000000000,S41,4
0000984.wav,15,S170,3
0000985.wav,0,S30,2
0000986.wav,60,S108,2
0000987.wav,16,S61,2
0000988.wav,16,S40,1
0000989.wav,12,S67,4
0000990.wav,11,S142,1
0000991.wav,4,S144,4
0000992.wav,7,S170,4
0000993.wav,1000000,S31,4
0000994.wav,15,S92,2
0000995.wav,14,S63,3
0000996.wav,12,S62,1
0000997.wav,3,S4,3
0000998.wav,40,S108,1
0000999.wav,6,S113,4
0001000.wav,20,S80,1
0001001.wav,1000000,S48,3
0001002.wav,30,S147,1
0001003.wav,50,S46,1
0001004.wav,1000000,S94,1
0001005.wav,1000000,S167,3
0001006.wav,16,S78,3
0001007.wav,1,S159,2
0001008.wav,20,S50,1
0001009.wav,6,S163,2
0001010.wav,1000000000,S168,3
0001011.wav,0,S23,4
0001012.wav,70,S147,1
0001013.wav,50,S27,1
0001014.wav,80,S27,2
0001015.wav,70,S120,1
0001016.wav,70,S156,3
0001017.wav,7,S38,2
0001018.wav,2,S169,2
0001019.wav,12,S28,1
0001020.wav,100,S123,4
0001021.wav,9,S38,2
0001022.wav,12,S74,4
0001023.wav,100,S102,3
0001024.wav,16,S32,1
0001025.wav,17,S155,2
0001026.wav,50,S178,4
0001027.wav,60,S94,3
0001028.wav,9,S59,4
0001029.wav,16,S114,1
0001030.wav,11,S27,2
0001031.wav,3,S89,4
0001032.wav,2,S109,2
0001033.wav,14,S57,1
0001034.wav,80,S151,4
0001035.wav,12,S63,1
0001036.wav,8,S118,2
0001037.wav,1000000000,S48,1
0001038.wav,30,S18,2
0001039.wav,1000000,S95,4
0001040.wav,14,S59,4
0001041.wav,100,S22,3
0001042.wav,1000000000,S80,3
0001043.wav,2,S55,3
0001044.wav,7,S12,4
0001045.wav,80,S73,4
0001046.wav,2,S14,2
0001047.wav,18,S94,2
0001048.wav,19,S29,4
0001049.wav,8,S98,2
0001050.wav,2,S94,4
0001051.wav,70,S184,3
0001052.wav,30,S165,2
0001053.wav,80,S101,3
0001054.wav,30,S165,1
0001055.wav,3,S73,4
0001056.wav,60,S17,3
0001057.wav,6,S139,2
0001058.wav,3,S108,2
0001059.wav,12,S1,2
0001060.wav,20,S94,1
0001061.wav,60,S125,3
0001062.wav,60,S146,4
0001063.wav,15,S155,4
0001064.wav,30,S170,2
0001065.wav,1,S81,4
0001066.wav,18,S142,3
0001067.wav,17,S8,1
0001068.wav,20,S156,1
0001069.wav,5,S18,3
0001070.wav,3,S123,2
0001071.wav,6,S66,1
0001072.wav,1,S10,4
0001073.wav,1000000000,S121,3
0001074.wav,1,S143,2
0001075.wav,2,S104,4
0001076.wav,50,S100,4
0001077.wav,17,S70,2
0001078.wav,17,S104,3
0001079.wav,60,S40,4
0001080.wav,15,S156,1
0001081.wav,1000,S44,4
0001082.wav,16,S25,3
0001083.wav,1000000000,S182,4
0001084.wav,1000000,S183,3
0001085.wav,7,S24,4
0001086.wav,60,S94,2
0001087.wav,30,S24,1
0001088.wav,18,S123,2
0001089.wav,4,S172,3
0001090.wav,9,S162,2
0001091.wav,9,S112,2
0001092.wav,17,S167,1
0001093.wav,9,S123,1
0001094.wav,17,S27,2
0001095.wav,3,S113,4
0001096.wav,8,S74,4
0001097.wav,8,S16,2
0001098.wav,8,S139,4
0001099.wav,1000,S79,3
0001100.wav,30,S172,3
0001101.wav,15,S35,4
0001102.wav,5,S184,1
0001103.wav,6,S87,4
0001104.wav,70,S28,1
0001105.wav,3,S78,1
0001106.wav,40,S123,1
0001107.wav,80,S87,3
0001108.wav,19,S61,3
0001109.wav,16,S5,1
0001110.wav,19,S1,3
0001111.wav,70,S1,3
0001112.wav,40,S146,3
0001113.wav,50,S39,1
0001114.wav,90,S158,1
0001115.wav,6,S174,3
0001116.wav,50,S101,1
0001117.wav,10,S16,2
0001118.wav,17,S51,2
0001119.wav,19,S108,2
0001120.wav,17,S119,4
0001121.wav,0,S22,2
0001122.wav,12,S143,4
0001123.wav,1000000000,S73,4
0001124.wav,1000000,S9,1
0001125.wav,11,S39,2
0001126.wav,2,S48,1
0001127.wav,3,S37,3
0001128.wav,7,S23,4
0001129.wav,3,S146,3
0001130.wav,1000000000,S111,4
0001131.wav,11,S6,2
0001132.wav,16,S68,1
0001133.wav,60,S9,4
0001134.wav,19,S120,4
0001135.wav,90,S37,3
0001136.wav,2,S23,4
0001137.wav,9,S52,4
0001138.wav,15,S43,1
0001139.wav,17,S27,4
0001140.wav,0,S15,1
0001141.wav,80,S42,3
0001142.wav,70,S143,1
0001143.wav,80,S37,3
0001144.wav,15,S122,1
0001145.wav,5,S14,1
0001146.wav,12,S72,3
0001147.wav,16,S129,2
0001148.wav,14,S25,1
0001149.wav,1,S112,3
0001150.wav,7,S80,2
0001151.wav,1000000,S168,4
0001152.wav,60,S156,4
0001153.wav,16,S29,4
0001154.wav,1000,S39,1
0001155.wav,4,S100,3
0001156.wav,14,S15,3
0001157.wav,1000,S9,4
0001158.wav,13,S8,4
0001159.wav,3,S129,4
0001160.wav,8,S126,1
0001161.wav,9,S172,3
0001162.wav,16,S15,4
0001163.wav,13,S35,2
0001164.wav,18,S127,3
0001165.wav,40,S170,4
0001166.wav,11,S23,2
0001167.wav,80,S11,4
0001168.wav,4,S160,3
0001169.wav,1,S176,1
0001170.wav,3,S172,4
0001171.wav,30,S116,2
0001172.wav,1000000000,S63,1
0001173.wav,90,S170,3
0001174.wav,9,S177,2
0001175.wav,7,S110,4
0001176.wav,40,S62,3
0001177.wav,6,S105,3
0001178.wav,13,S51,4
0001179.wav,1000000,S47,2
0001180.wav,3,S167,1
0001181.wav,1000000000,S65,4
0001182.wav,15,S30,1
0001183.wav,17,S96,3
0001184.wav,1000000,S83,4
0001185.wav,18,S47,4
0001186.wav,30,S37,2
0001187.wav,1,S17,2
0001188.wav,6,S183,1
0001189.wav,3,S93,3
0001190.wav,9,S177,3
0001191.wav,15,S156,3
0001192.wav,100,S9,1
0001193.wav,40,S81,4
0001194.wav,19,S93,4
0001195.wav,15,S94,4
0001196.wav,9,S28,1
0001197.wav,9,S184,1
0001198.wav,30,S45,4
0001199.wav,2,S52,2
0001200.wav,6,S44,1
0001201.wav,1000000000,S8,3
0001202.wav,50,S49,1
0001203.wav,1,S138,3
0001204.wav,70,S37,4
0001205.wav,17,S35,4
0001206.wav,8,S82,1
0001207.wav,5,S28,2
0001208.wav,5,S174,2
0001209.wav,6,S3,4
0001210.wav,3,S10,3
0001211.wav,60,S64,2
0001212.wav,4,S83,3
0001213.wav,100,S1,1
0001214.wav,7,S35,3
0001215.wav,13,S32,1
0001216.wav,1000000000,S107,2
0001217.wav,11,S143,4
0001218.wav,70,S138,4
0001219.wav,12,S83,2
0001220.wav,1000000,S42,1
0001221.wav,4,S169,2
0001222.wav,15,S124,4
0001223.wav,1000,S149,1
0001224.wav,0,S44,3
0001225.wav,19,S125,1
0001226.wav,11,S183,3
0001227.wav,9,S183,2
0001228.wav,1,S111,4
0001229.wav,12,S133,4
0001230.wav,1,S67,4
0001231.wav,11,S147,2
0001232.wav,20,S98,2
0001233.wav,16,S39,4
0001234.wav,9,S35,4
0001235.wav,6,S15,3
0001236.wav,50,S53,2
0001237.wav,6,S93,2
0001238.wav,12,S128,2
0001239.wav,1000000000,S130,1
0001240.wav,40,S54,4
0001241.wav,1000,S90,3
0001242.wav,60,S181,4
0001243.wav,90,S90,3
0001244.wav,100,S150,3
0001245.wav,70,S52,2
0001246.wav,6,S40,2
0001247.wav,18,S95,1
0001248.wav,1000,S140,3
0001249.wav,8,S129,3
0001250.wav,17,S180,2
0001251.wav,14,S115,2
0001252.wav,50,S7,2
0001253.wav,9,S31,1
0001254.wav,0,S87,1
0001255.wav,40,S89,2
0001256.wav,50,S109,1
0001257.wav,12,S167,4
0001258.wav,70,S133,1
0001259.wav,40,S68,4
0001260.wav,6,S41,3
0001261.wav,1000000,S153,1
0001262.wav,14,S13,1
0001263.wav,11,S78,3
0001264.wav,8,S97,2
0001265.wav,90,S67,2
0001266.wav,7,S41,4
0001267.wav,13,S129,4
0001268.wav,20,S7,2
0001269.wav,13,S74,4
0001270.wav,90,S35,1
0001271.wav,19,S47,4
0001272.wav,5,S107,4
0001273.wav,4,S32,1
0001274.wav,60,S90,2
0001275.wav,18,S9,3
0001276.wav,90,S71,1
0001277.wav,11,S157,2
0001278.wav,1000,S154,2
0001279.wav,9,S179,4
0001280.wav,6,S20,4
0001281.wav,100,S40,1
0001282.wav,2,S1,4
0001283.wav,0,S26,2
0001284.wav,1000000000,S36,1
0001285.wav,1000,S18,3
0001286.wav,9,S175,1
0001287.wav,3,S110,4
0001288.wav,100,S142,2
0001289.wav,14,S100,2
0001290.wav,14,S41,4
0001291.wav,30,S80,2
0001292.wav,40,S159,3
0001293.wav,6,S156,4
0001294.wav,13,S81,1
0001295.wav,8,S31,2
0001296.wav,15,S38,2
0001297.wav,4,S170,3
0001298.wav,40,S38,3
0001299.wav,18,S29,3
0001300.wav,70,S147,3
0001301.wav,1000000,S8,4
0001302.wav,12,S83,3
0001303.wav,30,S68,3
0001304.wav,60,S37,3
0001305.wav,9,S132,2
0001306.wav,15,S27,4
0001307.wav,16,S170,1
0001308.wav,10,S93,4
0001309.wav,20,S152,1
0001310.wav,50,S93,4
0001311.wav,10,S169,2
0001312.wav,70,S127,3
0001313.wav,9,S112,4
0001314.wav,2,S7,2
0001315.wav,7,S25,4
0001316.wav,3,S124,2
0001317.wav,6,S39,3
0001318.wav,19,S100,4
0001319.wav,70,S126,2
0001320.wav,4,S162,2
0001321.wav,8,S82,2
0001322.wav,20,S81,2
0001323.wav,16,S106,3
0001324.wav,18,S164,4
0001325.wav,8,S148,1
0001326.wav,6,S65,4
0001327.wav,70,S5,3
0001328.wav,17,S97,1
0001329.wav,19,S183,2
0001330.wav,8,S52,4
0001331.wav,4,S3,1
0001332.wav,50,S20,1
0001333.wav,20,S45,3
0001334.wav,15,S112,4
0001335.wav,8,S76,1
0001336.wav,19,S151,3
0001337.wav,16,S52,4
0001338.wav,1000000000,S147,4
0001339.wav,30,S81,1
0001340.wav,1000,S72,1
0001341.wav,13,S42,1
0001342.wav,100,S19,3
0001343.wav,5,S53,4
0001344.wav,70,S165,2
0001345.wav,13,S146,2
0001346.wav,14,S46,2
0001347.wav,90,S79,3
0001348.wav,0,S144,3
0001349.wav,60,S115,1
0001350.wav,100,S66,4
0001351.wav,13,S106,3
0001352.wav,13,S149,3
0001353.wav,8,S122,4
0001354.wav,60,S102,3
0001355.wav,14,S140,4
0001356.wav,90,S15,1
0001357.wav,12,S164,3
0001358.wav,1,S94,2
0001359.wav,20,S100,3
0001360.wav,30,S95,1
0001361.wav,7,S177,3
0001362.wav,19,S144,3
0001363.wav,9,S10,2
0001364.wav,5,S1,2
0001365.wav,1,S11,3
0001366.wav,18,S23,2
0001367.wav,1000000000,S15,2
0001368.wav,1000000,S42,3
0001369.wav,0,S128,3
0001370.wav,1000000,S10,2
0001371.wav,60,S103,4
0001372.wav,20,S104,1
0001373.wav,1000000000,S110,2
0001374.wav,11,S49,4
0001375.wav,40,S90,1
0001376.wav,20,S28,1
0001377.wav,17,S78,2
0001378.wav,10,S59,1
0001379.wav,14,S180,4
0001380.wav,8,S141,3
0001381.wav,100,S59,4
0001382.wav,1,S59,3
0001383.wav,7,S26,2
0001384.wav,70,S58,4
0001385.wav,14,S139,3
0001386.wav,8,S52,2
0001387.wav,100,S47,4
0001388.wav,7,S54,4
0001389.wav,17,S66,4
0001390.wav,4,S3,3
0001391.wav,70,S130,2
0001392.wav,60,S47,4
0001393.wav,1000,S140,3
0001394.wav,100,S140,2
0001395.wav,30,S156,1
0001396.wav,2,S105,3
0001397.wav,70,S75,2
0001398.wav,60,S121,3
0001399.wav,40,S152,1
0001400.wav,2,S167,2
0001401.wav,60,S16,4
0001402.wav,8,S40,2
0001403.wav,11,S158,2
0001404.wav,9,S109,2
0001405.wav,90,S32,4
0001406.wav,3,S19,3
0001407.wav,40,S58,4
0001408.wav,60,S83,3
0001409.wav,90,S165,1
0001410.wav,40,S66,3
0001411.wav,1000,S177,1
0001412.wav,19,S45,3
0001413.wav,1,S105,4
0001414.wav,1,S16,2
0001415.wav,18,S86,1
0001416.wav,6,S61,2
0001417.wav,1000,S8,2
0001418.wav,13,S45,2
0001419.wav,4,S130,3
0001420.wav,100,S75,3
0001421.wav,60,S150,3
0001422.wav,14,S166,1
0001423.wav,8,S4,3
0001424.wav,30,S99,4
0001425.wav,14,S139,1
0001426.wav,1000000,S54,4
0001427.wav,0,S52,2
0001428.wav,50,S141,3
0001429.wav,15,S171,1
0001430.wav,10,S68,3
0001431.wav,50,S154,3
0001432.wav,17,S184,1
0001433.wav,1,S134,2
0001434.wav,15,S82,3
0001435.wav,19,S116,4
0001436.wav,4,S78,1
0001437.wav,3,S3,3
0001438.wav,11,S94,2
0001439.wav,9,S147,4
0001440.wav,90,S148,4
0001441.wav,1,S182,4
0001442.wav,13,S96,4
0001443.wav,14,S180,2
0001444.wav,16,S52,2
0001445.wav,2,S96,2
0001446.wav,9,S29,4
0001447.wav,5,S74,4
0001448.wav,3,S182,2
0001449.wav,90,S83,1
0001450.wav,19,S68,2
0001451.wav,1000000,S3,1
0001452.wav,11,S178,1
0001453.wav,15,S181,1
0001454.wav,14,S33,3
0001455.wav,18,S133,2
0001456.wav,40,S15,3
0001457.wav,4,S167,2
0001458.wav,80,S18,2
0001459.wav,90,S155,4
0001460.wav,20,S23,3
0001461.wav,8,S25,3
0001462.wav,16,S81,4
0001463.wav,13,S113,4
0001464.wav,30,S50,1
0001465.wav,90,S105,1
0001466.wav,13,S100,3
0001467.wav,90,S176,1
0001468.wav,20,S9,1
0001469.wav,20,S1,4
0001470.wav,5,S110,1
0001471.wav,15,S162,3
0001472.wav,2,S154,1
0001473.wav,80,S168,1
0001474.wav,11,S40,2
0001475.wav,1,S94,4
0001476.wav,12,S3,3
0001477.wav,1000000,S30,1
0001478.wav,17,S59,1
0001479.wav,16,S85,1
0001480.wav,80,S58,3
0001481.wav,80,S32,4
0001482.wav,90,S134,1
0001483.wav,18,S49,2
0001484.wav,2,S9,1
0001485.wav,4,S89,2
0001486.wav,2,S23,2
0001487.wav,18,S9,1
0001488.wav,50,S125,3
0001489.wav,1,S182,2
0001490.wav,40,S12,2
0001491.wav,12,S94,3
0001492.wav,0,S114,1
0001493.wav,18,S93,1
0001494.wav,2,S132,1
0001495.wav,30,S77,1
0001496.wav,4,S81,2
0001497.wav,7,S72,4
0001498.wav,10,S143,1
0001499.wav,60,S72,1
0001500.wav,18,S151,3
0001501.wav,1,S160,4
0001502.wav,1000,S167,3
0001503.wav,13,S13,4
0001504.wav,70,S63,1
0001505.wav,100,S18,1
0001506.wav,12,S141,1
0001507.wav,80,S116,3
0001508.wav,5,S23,2
0001509.wav,19,S46,4
0001510.wav,14,S155,3
0001511.wav,14,S18,1
0001512.wav,1000,S18,4
0001513.wav,19,S154,1
0001514.wav,70,S156,3
0001515.wav,6,S90,4
0001516.wav,18,S152,3
0001517.wav,1000000000,S31,3
0001518.wav,2,S82,1
0001519.wav,0,S79,2
0001520.wav,17,S162,1
0001521.wav,15,S150,3
0001522.wav,8,S172,3
0001523.wav,9,S82,1
0001524.wav,80,S45,1
0001525.wav,18,S148,4
0001526.wav,19,S46,1
0001527.wav,18,S150,1
0001528.wav,30,S76,2
0001529.wav,5,S19,4
0001530.wav,9,S81,4
0001531.wav,1,S87,4
0001532.wav,40,S136,2
0001533.wav,11,S78,3
0001534.wav,0,S112,1
0001535.wav,70,S66,3
0001536.wav,19,S46,2
0001537.wav,19,S165,1
0001538.wav,17,S58,2
0001539.wav,1,S123,1
0001540.wav,50,S144,3
0001541.wav,1000000,S86,2
0001542.wav,70,S173,4
0001543.wav,60,S168,4
0001544.wav,4,S16,1
0001545.wav,17,S92,3
0001546.wav,0,S67,2
0001547.wav,60,S48,3
0001548.wav,9,S46,3
0001549.wav,40,S82,2
0001550.wav,12,S14,1
0001551.wav,30,S71,3
0001552.wav,14,S9,4
0001553.wav,15,S62,4
0001554.wav,6,S157,3
0001555.wav,12,S103,2
0001556.wav,8,S102,3
0001557.wav,1000000000,S112,4
0001558.wav,1,S53,1
0001559.wav,70,S180,3
0001560.wav,6,S68,2
0001561.wav,5,S1,3
0001562.wav,14,S68,3
0001563.wav,0,S144,3
0001564.wav,70,S44,3
0001565.wav,3,S145,4
0001566.wav,17,S12,1
0001567.wav,1,S62,2
0001568.wav,100,S37,2
0001569.wav,11,S120,3
0001570.wav,1000000,S126,1
0001571.wav,70,S86,3
0001572.wav,12,S119,4
0001573.wav,12,S29,1
0001574.wav,70,S32,3
0001575.wav,40,S155,3
0001576.wav,8,S80,1
0001577.wav,6,S3,1
0001578.wav,1000000000,S23,4
0001579.wav,80,S133,4
0001580.wav,10,S35,3
0001581.wav,9,S160,1
0001582.wav,15,S34,2
0001583.wav,7,S87,2
0001584.wav,2,S26,2
0001585.wav,7,S23,4
0001586.wav,15,S160,2
0001587.wav,7,S155,4
0001588.wav,2,S138,2
0001589.wav,0,S147,1
0001590.wav,80,S46,2
0001591.wav,1000,S86,4
0001592.wav,80,S132,2
0001593.wav,15,S115,2
0001594.wav,5,S153,1
0001595.wav,1000000,S110,3
0001596.wav,6,S95,1
0001597.wav,1000000,S176,1
0001598.wav,1000000,S114,2
0001599.wav,100,S83,4
0001600.wav,0,S50,3
0001601.wav,12,S30,1
0001602.wav,100,S112,4
0001603.wav,15,S139,4
0001604.wav,7,S30,2
0001605.wav,3,S32,4
0001606.wav,16,S179,3
0001607.wav,8,S16,2
0001608.wav,3,S157,3
0001609.wav,10,S179,3
0001610.wav,30,S103,2
0001611.wav,60,S3,2
0001612.wav,0,S111,3
0001613.wav,19,S93,1
0001614.wav,1000,S22,3
0001615.wav,15,S58,3
0001616.wav,3,S140,1
0001617.wav,18,S92,4
0001618.wav,40,S171,2
0001619.wav,1000000000,S40,1
0001620.wav,12,S16,4
0001621.wav,1000000,S82,1
0001622.wav,16,S162,2
0001623.wav,100,S29,2
0001624.wav,16,S42,3
0001625.wav,2,S160,1
0001626.wav,60,S90,4
0001627.wav,50,S158,3
0001628.wav,5,S143,3
0001629.wav,12,S53,2
0001630.wav,70,S95,2
0001631.wav,14,S97,1
0001632.wav,2,S136,2
0001633.wav,80,S32,3
0001634.wav,17,S49,4
0001635.wav,19,S97,2
0001636.wav,30,S41,4
0001637.wav,3,S5,3
0001638.wav,80,S129,2
0001639.wav,17,S74,4
0001640.wav,13,S164,3
0001641.wav,10,S43,4
0001642.wav,2,S145,1
0001643.wav,16,S157,1
0001644.wav,14,S61,4
0001645.wav,13,S145,3
0001646.wav,3,S10,4
0001647.wav,30,S156,2
0001648.wav,10,S125,3
0001649.wav,8,S45,4
0001650.wav,80,S77,3
0001651.wav,9,S75,2
0001652.wav,8,S6,3
0001653.wav,14,S62,2
0001654.wav,18,S170,2
0001655.wav,6,S167,3
0001656.wav,6,S43,2
0001657.wav,11,S143,4
0001658.wav,9,S129,2
0001659.wav,11,S111,4
0001660.wav,1000,S145,1
0001661.wav,9,S5,1
0001662.wav,9,S21,2
0001663.wav,100,S96,4
0001664.wav,18,S168,3
0001665.wav,50,S50,2
0001666.wav,30,S143,2
0001667.wav,1000000,S136,3
0001668.wav,2,S80,3
0001669.wav,30,S180,4
0001670.wav,14,S46,1
0001671.wav,1000,S98,2
0001672.wav,100,S120,2
0001673.wav,14,S179,3
0001674.wav,60,S74,2
0001675.wav,5,S138,3
0001676.wav,3,S72,4
0001677.wav,4,S35,4
0001678.wav,90,S46,2
0001679.wav,18,S135,1
0001680.wav,6,S26,4
0001681.wav,4,S12,3
0001682.wav,3,S137,4
0001683.wav,11,S150,3
0001684.wav,50,S151,1
0001685.wav,19,S26,4
0001686.wav,60,S45,2
0001687.wav,17,S153,2
0001688.wav,16,S161,3
0001689.wav,80,S143,2
0001690.wav,40,S112,3
0001691.wav,1,S124,3
0001692.wav,15,S90,2
0001693.wav,11,S148,4
0001694.wav,13,S116,2
0001695.wav,13,S108,3
0001696.wav,13,S94,4
0001697.wav,80,S113,4
0001698.wav,40,S104,2
0001699.wav,40,S105,1
0001700.wav,20,S4,4
0001701.wav,10,S167,2
0001702.wav,1000000,S31,3
0001703.wav,1000,S134,3
0001704.wav,11,S43,3
0001705.wav,14,S98,2
0001706.wav,16,S85,2
0001707.wav,11,S67,1
0001708.wav,12,S7,4
0001709.wav,8,S148,2
0001710.wav,40,S167,4
0001711.wav,7,S82,4
0001712.wav,10,S93,2
0001713.wav,1,S90,2
0001714.wav,10,S51,3
0001715.wav,17,S23,4
0001716.wav,0,S145,4
0001717.wav,10,S15,3
0001718.wav,1000000000,S103,2
0001719.wav,9,S41,2
0001720.wav,6,S137,4
0001721.wav,19,S140,4
0001722.wav,0,S171,3
0001723.wav,100,S84,1
0001724.wav,0,S70,2
0001725.wav,12,S165,3
0001726.wav,8,S45,1
0001727.wav,20,S35,4
0001728.wav,18,S114,3
0001729.wav,2,S164,3
0001730.wav,14,S128,2
0001731.wav,100,S43,1
0001732.wav,60,S166,4
0001733.wav,30,S148,3
0001734.wav,70,S121,3
0001735.wav,1000000000,S183,1
0001736.wav,9,S40,4
0001737.wav,1,S21,2
0001738.wav,7,S87,3
0001739.wav,15,S161,1
0001740.wav,6,S126,4
0001741.wav,0,S182,3
0001742.wav,16,S42,3
0001743.wav,19,S158,1
0001744.wav,60,S172,3
0001745.wav,40,S117,4
0001746.wav,7,S136,2
0001747.wav,19,S153,1
0001748.wav,50,S108,1
0001749.wav,17,S68,3
0001750.wav,20,S142,1
0001751.wav,6,S18,3
0001752.wav,13,S96,2
0001753.wav,15,S46,4
0001754.wav,30,S139,2
0001755.wav,80,S89,1
0001756.wav,9,S176,1
0001757.wav,70,S54,3
0001758.wav,17,S25,1
0001759.wav,10,S97,4
0001760.wav,70,S153,1
0001761.wav,1000,S113,3
0001762.wav,4,S97,3
0001763.wav,1000000000,S138,2
0001764.wav,100,S23,2
0001765.wav,10,S85,1
0001766.wav,1000,S144,3
0001767.wav,7,S93,1
0001768.wav,7,S30,4
0001769.wav,2,S35,3
0001770.wav,100,S130,4
0001771.wav,30,S79,4
0001772.wav,11,S26,4
0001773.wav,12,S138,1
0001774.wav,40,S129,4
0001775.wav,50,S29,2
0001776.wav,30,S63,4
0001777.wav,50,S66,2
0001778.wav,1000,S27,1
0001779.wav,12,S74,2
0001780.wav,8,S68,2
0001781.wav,20,S121,2
0001782.wav,1000,S80,1
0001783.wav,0,S63,4
0001784.wav,100,S72,2
0001785.wav,100,S145,3
0001786.wav,100,S96,2
0001787.wav,4,S155,2
0001788.wav,30,S119,3
0001789.wav,90,S30,3
0001790.wav,9,S50,3
0001791.wav,15,S10,2
0001792.wav,9,S12,4
0001793.wav,6,S6,1
0001794.wav,9,S20,4
0001795.wav,20,S78,1
0001796.wav,1,S88,3
0001797.wav,20,S72,4
0001798.wav,8,S138,3
0001799.wav,15,S23,1
0001800.wav,20,S119,1
0001801.wav,6,S119,4
0001802.wav,1000000000,S66,1
0001803.wav,1000000,S9,4
0001804.wav,0,S122,1
0001805.wav,8,S67,3
0001806.wav,9,S142,1
0001807.wav,13,S133,4
0001808.wav,9,S56,2
0001809.wav,8,S171,1
0001810.wav,1000000000,S88,1
0001811.wav,12,S63,3
0001812.wav,5,S78,4
0001813.wav,2,S24,1
0001814.wav,19,S163,2
0001815.wav,16,S74,4
0001816.wav,12,S26,2
0001817.wav,60,S154,2
0001818.wav,50,S68,3
0001819.wav,12,S37,3
0001820.wav,4,S150,1
0001821.wav,80,S43,3
0001822.wav,70,S14,2
0001823.wav,30,S125,4
0001824.wav,13,S46,2
0001825.wav,20,S66,4
0001826.wav,10,S114,1
0001827.wav,19,S108,3
0001828.wav,16,S21,1
0001829.wav,60,S44,4
0001830.wav,13,S126,4
0001831.wav,90,S174,4
0001832.wav,1,S58,2
0001833.wav,6,S68,1
0001834.wav,0,S101,4
0001835.wav,17,S8,4
0001836.wav,19,S33,1
0001837.wav,1000,S23,1
0001838.wav,8,S146,3
0001839.wav,20,S162,4
0001840.wav,90,S40,4
0001841.wav,1,S18,3
0001842.wav,80,S99,2
0001843.wav,12,S94,1
0001844.wav,7,S115,4
0001845.wav,9,S151,1
0001846.wav,0,S27,4
0001847.wav,17,S86,1
0001848.wav,1000000,S92,2
0001849.wav,50,S59,2
0001850.wav,30,S181,2
0001851.wav,30,S15,4
0001852.wav,60,S63,2
0001853.wav,15,S94,1
0001854.wav,11,S51,2
0001855.wav,14,S140,2
0001856.wav,17,S83,1
0001857.wav,30,S111,4
0001858.wav,8,S164,2
0001859.wav,40,S125,4
0001860.wav,80,S92,3
0001861.wav,1000000,S88,1
0001862.wav,70,S93,1
0001863.wav,0,S155,4
0001864.wav,90,S155,1
0001865.wav,4,S2,4
0001866.wav,5,S15,4
0001867.wav,40,S96,4
0001868.wav,20,S167,2
0001869.wav,13,S166,4
0001870.wav,9,S72,1
0001871.wav,50,S38,1
0001872.wav,9,S128,3
0001873.wav,12,S5,2
0001874.wav,11,S10,3
0001875.wav,1000000000,S154,1
0001876.wav,20,S106,2
0001877.wav,90,S9,3
0001878.wav,7,S3,4
0001879.wav,50,S147,4
0001880.wav,4,S105,4
0001881.wav,3,S46,2
0001882.wav,20,S78,3
0001883.wav,18,S146,3
0001884.wav,6,S35,2
0001885.wav,30,S142,2
0001886.wav,1,S44,2
0001887.wav,1,S11,1
0001888.wav,1000000000,S31,2
0001889.wav,9,S110,1
0001890.wav,7,S99,1
0001891.wav,14,S5,4
0001892.wav,3,S41,3
0001893.wav,1000000000,S159,3
0001894.wav,1000000000,S24,1
0001895.wav,3,S58,1
0001896.wav,16,S106,3
0001897.wav,50,S61,4
0001898.wav,40,S168,1
0001899.wav,100,S165,2
0001900.wav,15,S10,2
0001901.wav,7,S9,4
0001902.wav,3,S21,1
0001903.wav,12,S32,1
0001904.wav,10,S20,1
0001905.wav,1000000000,S120,4
0001906.wav,100,S148,4
0001907.wav,90,S106,1
0001908.wav,60,S158,1
0001909.wav,18,S126,1
0001910.wav,80,S10,4
0001911.wav,11,S27,2
0001912.wav,16,S38,1
0001913.wav,16,S69,1
0001914.wav,15,S44,3
0001915.wav,14,S148,4
0001916.wav,18,S96,4
0001917.wav,6,S105,4
0001918.wav,17,S183,2
0001919.wav,1000000,S138,4
0001920.wav,40,S32,3
0001921.wav,50,S128,2
0001922.wav,6,S127,3
0001923.wav,70,S12,2
0001924.wav,12,S80,3
0001925.wav,13,S35,1
0001926.wav,13,S45,4
0001927.wav,16,S93,1
0001928.wav,3,S91,2
0001929.wav,17,S31,2
0001930.wav,60,S54,2
0001931.wav,50,S44,3
0001932.wav,70,S18,4
0001933.wav,80,S90,2
0001934.wav,6,S112,2
0001935.wav,1000,S18,2
0001936.wav,19,S40,4
0001937.wav,2,S124,2
0001938.wav,11,S5,3
0001939.wav,90,S154,4
0001940.wav,1000000000,S18,2
0001941.wav,1000000,S99,1
0001942.wav,1,S172,3
0001943.wav,18,S93,4
0001944.wav,1000000,S149,4
0001945.wav,19,S100,1
0001946.wav,70,S1,1
0001947.wav,12,S34,2
0001948.wav,4,S57,3
0001949.wav,1,S28,1
0001950.wav,15,S133,3
0001951.wav,3,S1,3
0001952.wav,13,S61,1
0001953.wav,8,S40,4
0001954.wav,80,S50,4
0001955.wav,40,S54,3
0001956.wav,10,S18,3
0001957.wav,5,S136,2
0001958.wav,1,S29,1
0001959.wav,10,S140,4
0001960.wav,60,S82,4
0001961.wav,4,S26,3
0001962.wav,90,S170,4
0001963.wav,16,S101,4
0001964.wav,1000000000,S6,2
0001965.wav,50,S163,2
0001966.wav,40,S50,2
0001967.wav,90,S101,4
0001968.wav,12,S22,2
0001969.wav,0,S139,3
0001970.wav,14,S31,3
0001971.wav,12,S64,2
0001972.wav,5,S46,2
0001973.wav,100,S63,4
0001974.wav,5,S32,3
0001975.wav,4,S35,3
0001976.wav,15,S125,3
0001977.wav,60,S123,3
0001978.wav,20,S156,4
0001979.wav,6,S69,1
0001980.wav,70,S5,4
0001981.wav,6,S164,2
0001982.wav,40,S164,1
0001983.wav,14,S155,4
0001984.wav,17,S110,1
0001985.wav,6,S147,3
0001986.wav,8,S156,3
0001987.wav,80,S43,4
0001988.wav,1,S122,2
0001989.wav,30,S94,1
0001990.wav,5,S31,1
0001991.wav,7,S74,1
0001992.wav,19,S39,1
0001993.wav,40,S147,3
0001994.wav,80,S82,1
0001995.wav,4,S7,1
0001996.wav,80,S127,2
0001997.wav,17,S177,4
0001998.wav,70,S110,3
0001999.wav,9,S160,4
0002000.wav,70,S141,2
0002001.wav,100,S90,4
0002002.wav,15,S89,2
0002003.wav,14,S117,2
0002004.wav,19,S22,4
0002005.wav,13,S127,3
0002006.wav,7,S99,1
0002007.wav,30,S141,4
0002008.wav,14,S144,2
0002009.wav,17,S65,3
0002010.wav,4,S95,4
0002011.wav,10,S178,3
0002012.wav,1000000,S160,2
0002013.wav,30,S110,2
0002014.wav,80,S49,1
0002015.wav,2,S54,1
0002016.wav,16,S160,2
0002017.wav,6,S166,3
0002018.wav,90,S58,4
0002019.wav,3,S91,1
0002020.wav,90,S100,3
0002021.wav,40,S76,2
0002022.wav,11,S111,1
0002023.wav,1000000,S30,2
0002024.wav,15,S144,4
0002025.wav,3,S179,4
0002026.wav,15,S59,2
0002027.wav,10,S40,3
0002028.wav,8,S154,4
0002029.wav,14,S149,1
0002030.wav,16,S155,3
0002031.wav,16,S27,4
0002032.wav,10,S53,4
0002033.wav,19,S111,4
0002034.wav,20,S158,2
0002035.wav,1,S146,1
0002036.wav,0,S24,2
0002037.wav,11,S183,2
0002038.wav,12,S8,4
0002039.wav,15,S53,2
0002040.wav,11,S41,3
0002041.wav,4,S159,2
0002042.wav,13,S59,4
0002043.wav,30,S157,3
0002044.wav,0,S123,1
0002045.wav,18,S52,1
0002046.wav,1000000000,S66,4
0002047.wav,4,S88,2
0002048.wav,7,S37,1
0002049.wav,8,S86,3
0002050.wav,1000000,S27,1
0002051.wav,17,S139,2
0002052.wav,10,S161,4
0002053.wav,100,S117,4
0002054.wav,20,S129,4
0002055.wav,8,S37,4
0002056.wav,2,S69,3
0002057.wav,1000000000,S155,1
0002058.wav,0,S174,1
0002059.wav,17,S22,1
0002060.wav,8,S28,1
0002061.wav,4,S113,4
0002062.wav,14,S109,4
0002063.wav,18,S70,1
0002064.wav,3,S62,1
0002065.wav,19,S114,2
0002066.wav,15,S178,3
0002067.wav,90,S134,3
0002068.wav,6,S15,4
0002069.wav,30,S112,3
0002070.wav,4,S184,3
0002071.wav,70,S102,4
0002072.wav,1,S82,4
0002073.wav,20,S167,4
0002074.wav,3,S88,4
0002075.wav,18,S39,1
0002076.wav,1000,S174,2
0002077.wav,10,S46,2
0002078.wav,80,S140,4
0002079.wav,2,S44,4
0002080.wav,10,S145,1
0002081.wav,18,S167,4
0002082.wav,18,S74,2
0002083.wav,2,S124,1
0002084.wav,15,S146,4
0002085.wav,17,S172,2
0002086.wav,100,S181,2
0002087.wav,16,S44,4
0002088.wav,3,S110,3
0002089.wav,0,S45,3
0002090.wav,2,S30,4
0002091.wav,1000,S151,3
0002092.wav,40,S80,4
0002093.wav,1,S88,1
0002094.wav,19,S104,1
0002095.wav,17,S104,1
0002096.wav,1000000000,S57,1
0002097.wav,6,S152,2
0002098.wav,3,S62,3
0002099.wav,8,S50,4
0002100.wav,16,S52,2
0002101.wav,18,S103,3
0002102.wav,17,S85,3
0002103.wav,2,S58,2
0002104.wav,9,S91,4
0002105.wav,11,S169,1
0002106.wav,7,S24,3
0002107.wav,3,S30,1
0002108.wav,11,S106,2
0002109.wav,5,S25,4
0002110.wav,100,S157,3
0002111.wav,2,S164,4
0002112.wav,4,S50,3
0002113.wav,30,S178,2
0002114.wav,80,S83,1
0002115.wav,9,S85,3
0002116.wav,1000000,S128,1
0002117.wav,2,S111,3
0002118.wav,8,S127,1
0002119.wav,13,S100,1
0002120.wav,14,S149,1
0002121.wav,7,S12,1
0002122.wav,10,S100,2
0002123.wav,18,S62,3
0002124.wav,90,S32,3
0002125.wav,5,S91,4
0002126.wav,100,S153,1
0002127.wav,19,S150,3
0002128.wav,1,S156,2
0002129.wav,1000000000,S126,1
0002130.wav,18,S180,4
0002131.wav,11,S103,3
0002132.wav,15,S149,2
0002133.wav,6,S2,3
0002134.wav,8,S95,1
0002135.wav,6,S34,1
0002136.wav,16,S120,3
0002137.wav,60,S16,4
0002138.wav,30,S3,3
0002139.wav,90,S51,1
0002140.wav,14,S87,1
0002141.wav,18,S106,3
0002142.wav,14,S37,2
0002143.wav,80,S160,2
0002144.wav,18,S123,2
0002145.wav,0,S150,1
0002146.wav,7,S125,4
0002147.wav,60,S123,2
0002148.wav,9,S54,1
0002149.wav,13,S158,3
0002150.wav,5,S81,1
0002151.wav,9,S156,4
0002152.wav,7,S90,3
0002153.wav,90,S59,4
0002154.wav,11,S16,1
0002155.wav,1000,S67,1
0002156.wav,15,S145,4
0002157.wav,5,S43,2
0002158.wav,40,S146,1
0002159.wav,60,S75,4
0002160.wav,4,S151,3
0002161.wav,8,S122,2
0002162.wav,16,S47,4
0002163.wav,100,S90,2
0002164.wav,1000,S12,2
0002165.wav,1000000,S93,3
0002166.wav,1,S15,3
0002167.wav,2,S107,3
0002168.wav,18,S8,1
0002169.wav,4,S149,2
0002170.wav,18,S145,3
0002171.wav,7,S106,4
0002172.wav,9,S19,2
0002173.wav,80,S178,1
0002174.wav,60,S168,2
0002175.wav,50,S141,2
0002176.wav,30,S29,3
0002177.wav,60,S124,2
0002178.wav,1,S55,2
0002179.wav,13,S153,4
0002180.wav,17,S1,3
0002181.wav,90,S180,3
0002182.wav,9,S149,2
0002183.wav,70,S81,3
0002184.wav,11,S133,2
0002185.wav,60,S106,1
0002186.wav,1000000,S117,4
0002187.wav,6,S82,2
0002188.wav,1000000,S43,1
0002189.wav,4,S2,2
0002190.wav,100,S148,2
0002191.wav,9,S18,3
0002192.wav,0,S19,1
0002193.wav,17,S5,4
0002194.wav,70,S82,3
0002195.wav,8,S171,1
0002196.wav,3,S110,1
0002197.wav,15,S104,3
0002198.wav,8,S132,1
0002199.wav,15,S146,3
0002200.wav,90,S31,3
0002201.wav,3,S160,4
0002202.wav,60,S120,1
0002203.wav,3,S15,4
0002204.wav,19,S6,4
0002205.wav,70,S138,1
0002206.wav,16,S103,3
0002207.wav,80,S154,4
0002208.wav,100,S184,2
0002209.wav,4,S23,4
0002210.wav,16,S177,3
0002211.wav,5,S129,4
0002212.wav,6,S169,1
0002213.wav,13,S90,4
0002214.wav,3,S99,3
0002215.wav,90,S165,4
0002216.wav,100,S18,2
0002217.wav,40,S45,1
0002218.wav,4,S129,3
0002219.wav,14,S74,1
0002220.wav,6,S149,2
0002221.wav,3,S82,1
0002222.wav,15,S16,4
0002223.wav,90,S124,2
0002224.wav,90,S42,2
0002225.wav,13,S164,2
0002226.wav,15,S153,4
0002227.wav,1000,S89,1
0002228.wav,18,S77,2
0002229.wav,9,S131,1
0002230.wav,50,S147,2
0002231.wav,18,S151,4
0002232.wav,2,S140,3
0002233.wav,13,S91,2
0002234.wav,1000,S6,3
0002235.wav,40,S165,2
0002236.wav,60,S3,4
0002237.wav,70,S150,1
0002238.wav,18,S141,3
0002239.wav,18,S4,1
0002240.wav,0,S80,2
0002241.wav,80,S42,2
0002242.wav,50,S91,1
0002243.wav,13,S120,3
0002244.wav,9,S113,3
0002245.wav,70,S26,3
0002246.wav,8,S155,3
0002247.wav,3,S184,1
0002248.wav,30,S168,1
0002249.wav,50,S5,4
0002250.wav,100,S95,4
0002251.wav,6,S6,3
0002252.wav,80,S179,1
0002253.wav,1000000000,S38,2
0002254.wav,0,S171,3
0002255.wav,16,S37,4
0002256.wav,14,S9,3
0002257.wav,8,S136,2
0002258.wav,12,S129,4
0002259.wav,5,S19,3
0002260.wav,15,S29,1
0002261.wav,5,S7,1
0002262.wav,17,S117,1
0002263.wav,11,S121,2
0002264.wav,5,S105,2
0002265.wav,10,S85,1
0002266.wav,15,S176,1
0002267.wav,4,S166,1
0002268.wav,30,S10,2
0002269.wav,18,S171,1
0002270.wav,1,S109,4
0002271.wav,6,S21,2
0002272.wav,7,S145,3
0002273.wav,60,S70,2
0002274.wav,6,S74,2
0002275.wav,18,S177,2
0002276.wav,30,S128,2
0002277.wav,1,S53,2
0002278.wav,1,S79,3
0002279.wav,1000000,S59,2
0002280.wav,5,S153,1
0002281.wav,50,S82,3
0002282.wav,9,S148,2
0002283.wav,80,S104,2
0002284.wav,100,S11,1
0002285.wav,60,S101,4
0002286.wav,14,S146,2
0002287.wav,11,S9,3
0002288.wav,18,S1,1
0002289.wav,13,S128,3
0002290.wav,19,S38,3
0002291.wav,50,S55,2
0002292.wav,15,S173,1
0002293.wav,18,S68,1
0002294.wav,2,S145,3
0002295.wav,12,S116,1
0002296.wav,30,S83,2
0002297.wav,1000000000,S138,4
0002298.wav,30,S62,2
0002299.wav,12,S119,2
0002300.wav,100,S81,4
0002301.wav,5,S53,1
0002302.wav,1000000,S40,2
0002303.wav,7,S61,1
0002304.wav,40,S178,3
0002305.wav,40,S96,1
0002306.wav,13,S104,4
0002307.wav,100,S31,2
0002308.wav,6,S33,3
0002309.wav,1000000000,S30,4
0002310.wav,3,S51,2
0002311.wav,13,S96,2
0002312.wav,40,S12,3
0002313.wav,70,S90,2
0002314.wav,4,S75,2
0002315.wav,17,S168,4
0002316.wav,14,S18,4
0002317.wav,9,S41,3
0002318.wav,0,S161,2
0002319.wav,8,S116,1
0002320.wav,100,S174,2
0002321.wav,18,S25,2
0002322.wav,6,S129,4
0002323.wav,90,S84,1
0002324.wav,80,S9,3
0002325.wav,50,S43,4
0002326.wav,30,S138,1
0002327.wav,1000000000,S184,2
0002328.wav,12,S53,3
0002329.wav,13,S86,2
0002330.wav,2,S85,2
0002331.wav,16,S109,1
0002332.wav,18,S15,4
0002333.wav,6,S57,3
0002334.wav,20,S89,1
0002335.wav,16,S178,4
0002336.wav,70,S49,4
0002337.wav,40,S16,1
0002338.wav,20,S141,3
0002339.wav,1,S107,1
0002340.wav,70,S16,4
0002341.wav,3,S130,1
0002342.wav,4,S106,3
0002343.wav,50,S11,1
0002344.wav,40,S46,4
0002345.wav,11,S66,3
0002346.wav,90,S41,4
0002347.wav,40,S122,2
0002348.wav,10,S89,2
0002349.wav,12,S114,2
0002350.wav,40,S68,2
0002351.wav,5,S123,4
0002352.wav,7,S109,1
0002353.wav,19,S134,1
0002354.wav,14,S9,4
0002355.wav,8,S182,2
0002356.wav,6,S73,4
0002357.wav,30,S31,3
0002358.wav,9,S105,4
0002359.wav,11,S172,4
0002360.wav,20,S11,1
0002361.wav,1000000,S148,4
0002362.wav,12,S120,4
0002363.wav,70,S177,2
0002364.wav,6,S166,4
0002365.wav,9,S146,4
0002366.wav,40,S151,4
0002367.wav,5,S10,3
0002368.wav,13,S58,2
0002369.wav,1,S178,4
0002370.wav,60,S73,3
0002371.wav,14,S53,3
0002372.wav,100,S159,1
0002373.wav,4,S145,3
0002374.wav,60,S102,2
0002375.wav,80,S148,4
0002376.wav,2,S45,3
0002377.wav,4,S6,2
0002378.wav,9,S69,3
0002379.wav,18,S158,4
0002380.wav,90,S80,1
0002381.wav,7,S160,3
0002382.wav,15,S41,4
0002383.wav,100,S97,2
0002384.wav,18,S61,4
0002385.wav,1000000,S82,3
0002386.wav,3,S31,4
0002387.wav,7,S132,1
0002388.wav,0,S150,3
0002389.wav,1000000000,S66,2
0002390.wav,19,S138,2
0002391.wav,15,S114,3
0002392.wav,6,S109,4
0002393.wav,1000000,S83,2
0002394.wav,6,S74,3
0002395.wav,40,S67,1
0002396.wav,100,S127,1
0002397.wav,50,S65,1
0002398.wav,1,S174,1
0002399.wav,7,S136,1
0002400.wav,1000,S112,1
0002401.wav,1000,S176,1
0002402.wav,80,S62,3
0002403.wav,4,S5,4
0002404.wav,3,S125,2
0002405.wav,13,S63,1
0002406.wav,0,S130,4
0002407.wav,1000000000,S162,1
0002408.wav,16,S107,3
0002409.wav,12,S110,1
0002410.wav,20,S37,3
0002411.wav,30,S52,2
0002412.wav,4,S38,1
0002413.wav,3,S33,3
0002414.wav,14,S152,1
0002415.wav,11,S24,2
0002416.wav,13,S52,2
0002417.wav,60,S117,3
0002418.wav,10,S65,3
0002419.wav,50,S124,4
0002420.wav,1000000000,S183,2
0002421.wav,1000000000,S117,1
0002422.wav,2,S81,2
0002423.wav,4,S143,1
0002424.wav,5,S66,3
0002425.wav,8,S136,1
0002426.wav,10,S109,2
0002427.wav,2,S36,3
0002428.wav,12,S148,4
0002429.wav,1000000,S29,4
0002430.wav,7,S80,3
0002431.wav,2,S37,1
0002432.wav,4,S76,1
0002433.wav,15,S35,2
0002434.wav,16,S179,3
0002435.wav,4,S109,1
0002436.wav,11,S154,4
0002437.wav,7,S32,4
0002438.wav,9,S132,2
0002439.wav,1000,S37,3
0002440.wav,10,S148,1
0002441.wav,3,S142,4
0002442.wav,50,S114,3
0002443.wav,50,S116,4
0002444.wav,9,S106,4
0002445.wav,70,S122,3
0002446.wav,1,S111,1
0002447.wav,9,S146,4
0002448.wav,3,S124,1
0002449.wav,7,S133,1
0002450.wav,40,S142,2
0002451.wav,80,S31,1
0002452.wav,90,S165,2
0002453.wav,11,S13,4
0002454.wav,60,S50,1
0002455.wav,11,S123,4
0002456.wav,4,S31,2
0002457.wav,100,S46,2
0002458.wav,70,S142,3
0002459.wav,12,S138,2
0002460.wav,40,S78,1
0002461.wav,19,S160,2
0002462.wav,1000,S24,4
0002463.wav,1000,S52,2
0002464.wav,16,S157,1
0002465.wav,5,S35,3
0002466.wav,40,S23,2
0002467.wav,30,S143,1
0002468.wav,9,S4,1
0002469.wav,1000000,S121,1
0002470.wav,1000000000,S184,4
0002471.wav,30,S70,2
0002472.wav,9,S8,4
0002473.wav,14,S42,1
0002474.wav,17,S167,3
0002475.wav,2,S182,1
0002476.wav,17,S126,4
0002477.wav,90,S147,1
0002478.wav,5,S9,2
0002479.wav,6,S95,1
0002480.wav,8,S59,2
0002481.wav,12,S109,4
0002482.wav,15,S183,2
0002483.wav,1000,S179,3
0002484.wav,3,S40,3
0002485.wav,14,S153,1
0002486.wav,1000000000,S62,3
0002487.wav,17,S43,3
0002488.wav,20,S148,4
0002489.wav,1000,S12,3
0002490.wav,60,S20,1
0002491.wav,15,S181,2
0002492.wav,9,S182,1
0002493.wav,40,S102,3
0002494.wav,4,S1,4
0002495.wav,100,S67,1
0002496.wav,7,S166,4
0002497.wav,0,S42,3
0002498.wav,5,S136,4
0002499.wav,13,S40,4
0002500.wav,15,S23,1
0002501.wav,8,S47,1
0002502.wav,90,S28,1
0002503.wav,7,S66,2
0002504.wav,80,S99,1
0002505.wav,18,S144,1
0002506.wav,1000000,S100,3
0002507.wav,11,S30,3
0002508.wav,0,S173,1
0002509.wav,1,S91,2
0002510.wav,8,S42,2
0002511.wav,50,S153,2
0002512.wav,80,S29,4
0002513.wav,70,S8,4
0002514.wav,12,S160,2
0002515.wav,1000000,S108,3
0002516.wav,80,S93,1
0002517.wav,7,S42,4
0002518.wav,6,S79,3
0002519.wav,17,S53,2
0002520.wav,5,S12,1
0002521.wav,1,S69,1
0002522.wav,16,S181,3
0002523.wav,9,S168,3
0002524.wav,14,S133,4
0002525.wav,12,S119,3
0002526.wav,60,S50,4
0002527.wav,15,S73,2
0002528.wav,10,S183,2
0002529.wav,100,S176,3
0002530.wav,60,S106,1
0002531.wav,4,S92,1
0002532.wav,90,S133,4
0002533.wav,2,S133,4
0002534.wav,80,S45,3
0002535.wav,100,S16,3
0002536.wav,17,S123,3
0002537.wav,8,S179,4
0002538.wav,19,S164,2
0002539.wav,4,S26,3
0002540.wav,5,S93,3
0002541.wav,5,S93,4
0002542.wav,5,S97,1
0002543.wav,40,S149,4
0002544.wav,19,S7,3
0002545.wav,30,S86,1
0002546.wav,3,S184,2
0002547.wav,15,S93,1
0002548.wav,60,S86,4
0002549.wav,3,S127,4
0002550.wav,19,S2,4
0002551.wav,70,S33,3
0002552.wav,2,S9,2
0002553.wav,13,S32,1
0002554.wav,8,S32,4
0002555.wav,70,S19,4
0002556.wav,11,S59,2
0002557.wav,14,S146,4
0002558.wav,8,S164,4
0002559.wav,19,S5,1
0002560.wav,8,S29,2
0002561.wav,18,S149,2
0002562.wav,16,S48,1
0002563.wav,40,S67,2
0002564.wav,0,S107,1
0002565.wav,12,S126,3
0002566.wav,14,S97,2
0002567.wav,1000000000,S67,2
0002568.wav,90,S25,3
0002569.wav,50,S41,4
0002570.wav,15,S177,3
0002571.wav,14,S22,2
0002572.wav,8,S53,2
0002573.wav,12,S18,1
0002574.wav,19,S143,4
0002575.wav,70,S154,4
0002576.wav,10,S13,1
0002577.wav,3,S39,3
0002578.wav,17,S120,2
0002579.wav,0,S112,3
0002580.wav,17,S181,3
0002581.wav,9,S32,4
0002582.wav,14,S24,3
0002583.wav,19,S67,2
0002584.wav,1000000,S90,4
0002585.wav,10,S9,2
0002586.wav,18,S30,1
0002587.wav,0,S16,2
0002588.wav,70,S130,4
0002589.wav,11,S111,1
0002590.wav,12,S123,2
0002591.wav,8,S91,4
0002592.wav,19,S52,3
0002593.wav,11,S108,2
0002594.wav,10,S114,1
0002595.wav,60,S45,3
0002596.wav,14,S40,1
0002597.wav,11,S172,4
0002598.wav,40,S161,4
0002599.wav,100,S134,3
0002600.wav,8,S12,3
0002601.wav,19,S51,2
0002602.wav,0,S124,2
0002603.wav,90,S55,2
0002604.wav,80,S73,1
0002605.wav,15,S47,1
0002606.wav,2,S51,1
0002607.wav,17,S67,3
0002608.wav,18,S2,1
0002609.wav,4,S96,4
0002610.wav,15,S171,1
0002611.wav,40,S110,3
0002612.wav,3,S153,4
0002613.wav,12,S26,4
0002614.wav,1000000,S129,2
0002615.wav,10,S12,4
0002616.wav,0,S46,2
0002617.wav,40,S92,4
0002618.wav,50,S18,4
0002619.wav,1000000,S57,4
0002620.wav,12,S168,3
0002621.wav,80,S94,1
0002622.wav,100,S94,3
0002623.wav,9,S89,2
0002624.wav,1000000,S106,2
0002625.wav,12,S50,3
0002626.wav,80,S166,3
0002627.wav,13,S106,1
0002628.wav,12,S27,2
0002629.wav,17,S164,4
0002630.wav,60,S90,2
0002631.wav,7,S138,2
0002632.wav,1,S154,1
0002633.wav,11,S121,3
0002634.wav,30,S162,4
0002635.wav,0,S143,1
0002636.wav,6,S127,1
0002637.wav,50,S127,3
0002638.wav,100,S182,3
0002639.wav,11,S42,1
0002640.wav,8,S84,3
0002641.wav,3,S10,1
0002642.wav,3,S75,4
0002643.wav,15,S164,3
0002644.wav,3,S27,4
0002645.wav,1000000,S140,2
0002646.wav,11,S172,2
0002647.wav,6,S125,2
0002648.wav,7,S123,2
0002649.wav,90,S66,3
0002650.wav,5,S51,3
0002651.wav,7,S89,1
0002652.wav,1,S122,4
0002653.wav,17,S158,1
0002654.wav,50,S49,2
0002655.wav,2,S129,2
0002656.wav,13,S66,1
0002657.wav,1,S33,3
0002658.wav,18,S169,3
0002659.wav,30,S86,2
0002660.wav,11,S63,4
0002661.wav,60,S7,3
0002662.wav,18,S6,3
0002663.wav,12,S184,2
0002664.wav,1000000000,S181,3
0002665.wav,70,S68,4
0002666.wav,1000,S81,4
0002667.wav,11,S129,1
0002668.wav,15,S37,4
0002669.wav,3,S108,4
0002670.wav,11,S182,4
0002671.wav,1,S140,3
0002672.wav,30,S60,3
0002673.wav,80,S61,4
0002674.wav,30,S35,2
0002675.wav,16,S45,1
0002676.wav,20,S171,4
0002677.wav,1000000,S144,4
0002678.wav,60,S42,2
0002679.wav,1,S91,4
0002680.wav,20,S110,4
0002681.wav,5,S159,1
0002682.wav,2,S169,1
0002683.wav,100,S184,2
0002684.wav,0,S113,2
0002685.wav,4,S56,1
0002686.wav,100,S49,3
0002687.wav,60,S151,1
0002688.wav,19,S176,1
0002689.wav,1,S6,2
0002690.wav,1000000,S170,2
0002691.wav,17,S29,1
0002692.wav,5,S39,3
0002693.wav,12,S46,1
0002694.wav,9,S133,4
0002695.wav,11,S138,2
0002696.wav,2,S40,3
0002697.wav,20,S62,4
0002698.wav,11,S133,1
0002699.wav,50,S47,4
0002700.wav,1000,S31,2
0002701.wav,5,S164,2
0002702.wav,2,S112,1
0002703.wav,15,S77,1
0002704.wav,70,S49,1
0002705.wav,70,S6,4
0002706.wav,1000000,S150,4
0002707.wav,14,S95,4
0002708.wav,10,S135,2
0002709.wav,9,S125,1
0002710.wav,1,S184,1
0002711.wav,70,S78,1
0002712.wav,3,S106,1
0002713.wav,14,S101,4
0002714.wav,16,S91,2
0002715.wav,18,S34,4
0002716.wav,20,S75,2
0002717.wav,16,S59,3
0002718.wav,5,S75,2
0002719.wav,1,S88,1
0002720.wav,8,S123,3
0002721.wav,5,S34,3
0002722.wav,1000000000,S8,1
0002723.wav,1000,S34,3
0002724.wav,6,S130,4
0002725.wav,14,S58,1
0002726.wav,16,S41,1
0002727.wav,15,S121,3
0002728.wav,3,S55,2
0002729.wav,19,S65,4
0002730.wav,17,S75,2
0002731.wav,10,S25,2
0002732.wav,90,S144,2
0002733.wav,30,S47,1
0002734.wav,7,S112,2
0002735.wav,14,S136,4
0002736.wav,18,S143,2
0002737.wav,2,S155,2
0002738.wav,14,S6,2
0002739.wav,12,S15,1
0002740.wav,20,S166,3
0002741.wav,17,S24,3
0002742.wav,17,S167,2
0002743.wav,12,S25,2
0002744.wav,7,S168,3
0002745.wav,5,S49,4
0002746.wav,90,S129,4
0002747.wav,30,S47,3
0002748.wav,4,S82,4
0002749.wav,90,S136,1
0002750.wav,40,S47,1
0002751.wav,19,S181,3
0002752.wav,1000,S45,4
0002753.wav,5,S35,2
0002754.wav,12,S2,4
0002755.wav,14,S99,2
0002756.wav,20,S71,3
0002757.wav,1,S121,4
0002758.wav,17,S101,1
0002759.wav,50,S139,3
0002760.wav,1000,S139,4
0002761.wav,90,S37,4
0002762.wav,13,S13,1
0002763.wav,14,S85,1
0002764.wav,9,S101,1
0002765.wav,11,S132,1
0002766.wav,15,S75,2
0002767.wav,2,S160,3
0002768.wav,19,S107,3
0002769.wav,4,S170,4
0002770.wav,50,S40,2
0002771.wav,3,S18,3
0002772.wav,5,S63,2
0002773.wav,12,S71,3
0002774.wav,6,S143,4
0002775.wav,0,S15,2
0002776.wav,30,S127,4
0002777.wav,15,S1,1
0002778.wav,1,S31,1
0002779.wav,10,S14,2
0002780.wav,8,S34,3
0002781.wav,17,S13,4
0002782.wav,6,S172,4
0002783.wav,12,S21,2
0002784.wav,60,S42,2
0002785.wav,4,S18,4
0002786.wav,80,S79,3
0002787.wav,16,S139,4
0002788.wav,20,S180,2
0002789.wav,8,S85,3
0002790.wav,20,S47,4
0002791.wav,16,S140,4
0002792.wav,60,S166,1
0002793.wav,18,S41,4
0002794.wav,6,S144,3
0002795.wav,7,S148,3
0002796.wav,8,S159,1
0002797.wav,6,S158,4
0002798.wav,19,S45,4
0002799.wav,5,S68,2
0002800.wav,19,S29,1
0002801.wav,15,S31,2
0002802.wav,30,S182,3
0002803.wav,8,S62,3
0002804.wav,80,S86,2
0002805.wav,5,S107,2
0002806.wav,19,S102,3
0002807.wav,13,S138,2
0002808.wav,13,S58,3
0002809.wav,8,S171,2
0002810.wav,90,S3,2
0002811.wav,3,S169,2
0002812.wav,4,S86,4
0002813.wav,70,S30,4
0002814.wav,15,S67,3
0002815.wav,1000000,S16,1
0002816.wav,70,S180,2
0002817.wav,1000000000,S31,2
0002818.wav,40,S181,1
0002819.wav,50,S32,4
0002820.wav,1000000,S160,4
0002821.wav,50,S18,2
0002822.wav,100,S156,2
0002823.wav,3,S76,1
0002824.wav,10,S91,4
0002825.wav,3,S107,4
0002826.wav,13,S62,1
0002827.wav,17,S139,3
0002828.wav,1000000000,S63,2
0002829.wav,70,S144,1
0002830.wav,50,S12,3
0002831.wav,15,S19,2
0002832.wav,2,S148,3
0002833.wav,6,S109,4
0002834.wav,10,S152,4
0002835.wav,70,S119,3
0002836.wav,1000,S149,2
0002837.wav,7,S20,4
0002838.wav,100,S165,3
0002839.wav,60,S117,4
0002840.wav,18,S149,3
0002841.wav,40,S158,2
0002842.wav,20,S173,1
0002843.wav,19,S113,4
0002844.wav,19,S71,3
0002845.wav,50,S164,1
0002846.wav,90,S164,3
0002847.wav,60,S76,2
0002848.wav,7,S121,3
0002849.wav,100,S95,4
0002850.wav,17,S135,1
0002851.wav,13,S139,1
0002852.wav,1,S6,4
0002853.wav,7,S62,3
0002854.wav,11,S59,4
0002855.wav,13,S87,1
0002856.wav,17,S117,2
0002857.wav,9,S29,3
0002858.wav,30,S68,2
0002859.wav,15,S133,1
0002860.wav,1000000,S14,2
0002861.wav,40,S176,4
0002862.wav,8,S126,4
0002863.wav,1000000000,S169,3
0002864.wav,7,S1,4
0002865.wav,0,S22,1
0002866.wav,40,S55,3
0002867.wav,14,S120,3
0002868.wav,60,S3,2
0002869.wav,4,S80,4
0002870.wav,17,S59,4
0002871.wav,18,S32,1
0002872.wav,60,S114,1
0002873.wav,20,S129,2
0002874.wav,30,S113,2
0002875.wav,11,S144,2
0002876.wav,80,S15,3
0002877.wav,6,S23,4
0002878.wav,40,S63,4
0002879.wav,2,S37,3
0002880.wav,1000000000,S24,4
0002881.wav,9,S94,4
0002882.wav,15,S83,3
0002883.wav,11,S93,1
0002884.wav,6,S159,1
0002885.wav,20,S125,3
0002886.wav,1000000,S55,3
0002887.wav,7,S5,4
0002888.wav,17,S146,3
0002889.wav,0,S63,1
0002890.wav,15,S60,3
0002891.wav,13,S101,4
0002892.wav,6,S167,2
0002893.wav,12,S90,3
0002894.wav,19,S167,4
0002895.wav,60,S2,2
0002896.wav,90,S30,2
0002897.wav,7,S149,3
0002898.wav,19,S170,3
0002899.wav,90,S46,1
0002900.wav,90,S45,4
0002901.wav,50,S91,2
0002902.wav,1,S63,3
0002903.wav,3,S159,2
0002904.wav,4,S27,2
0002905.wav,70,S52,4
0002906.wav,0,S95,3
0002907.wav,18,S26,2
0002908.wav,0,S139,1
0002909.wav,1000,S120,3
0002910.wav,1000,S52,1
0002911.wav,1000000000,S72,1
0002912.wav,20,S172,2
0002913.wav,90,S63,4
0002914.wav,2,S163,2
0002915.wav,1000,S176,1
0002916.wav,1000,S85,2
0002917.wav,9,S22,1
0002918.wav,2,S139,3
0002919.wav,13,S90,3
0002920.wav,1000,S52,2
0002921.wav,80,S141,1
0002922.wav,1000000,S9,2
0002923.wav,0,S134,3
0002924.wav,100,S19,4
0002925.wav,19,S66,2
0002926.wav,1,S108,4
0002927.wav,8,S90,1
0002928.wav,60,S155,4
0002929.wav,80,S102,1
0002930.wav,60,S53,2
0002931.wav,1000,S86,1
0002932.wav,50,S90,1
0002933.wav,9,S13,4
0002934.wav,20,S13,2
0002935.wav,13,S24,2
0002936.wav,1000000,S110,2
0002937.wav,100,S67,4
0002938.wav,4,S107,1
0002939.wav,1,S29,4
0002940.wav,60,S123,1
0002941.wav,50,S46,3
0002942.wav,20,S67,2
0002943.wav,19,S167,3
0002944.wav,90,S117,1
0002945.wav,13,S6,1
0002946.wav,50,S129,3
0002947.wav,5,S180,4
0002948.wav,20,S117,1
0002949.wav,17,S108,1
0002950.wav,70,S115,2
0002951.wav,0,S8,3
0002952.wav,5,S130,4
0002953.wav,18,S1,4
0002954.wav,70,S106,4
0002955.wav,4,S94,1
0002956.wav,1,S178,3
0002957.wav,20,S31,1
0002958.wav,8,S24,2
0002959.wav,1000,S130,3
0002960.wav,1000000000,S91,2
0002961.wav,50,S121,1
0002962.wav,100,S12,4
0002963.wav,70,S25,3
0002964.wav,0,S167,2
0002965.wav,50,S181,1
0002966.wav,15,S129,1
0002967.wav,14,S65,3
0002968.wav,10,S87,4
0002969.wav,9,S99,3
0002970.wav,2,S54,3
0002971.wav,13,S2,1
0002972.wav,100,S158,4
0002973.wav,14,S8,4
0002974.wav,8,S169,2
0002975.wav,12,S172,1
0002976.wav,18,S31,3
0002977.wav,1000000000,S114,2
0002978.wav,3,S9,2
0002979.wav,0,S116,3
0002980.wav,6,S141,3
0002981.wav,2,S85,3
0002982.wav,19,S149,1
0002983.wav,7,S7,4
0002984.wav,19,S39,2
0002985.wav,4,S68,4
0002986.wav,19,S133,1
0002987.wav,6,S31,4
0002988.wav,13,S13,3
0002989.wav,11,S78,2
0002990.wav,1000,S127,4
0002991.wav,6,S18,1
0002992.wav,12,S82,1
0002993.wav,0,S167,1
0002994.wav,30,S40,2
0002995.wav,9,S86,1
0002996.wav,60,S82,3
0002997.wav,90,S148,4
0002998.wav,5,S115,3
0002999.wav,90,S130,4
0003000.wav,14,S94,4
0003001.wav,0,S151,3
0003002.wav,30,S116,4
0003003.wav,16,S139,1
0003004.wav,1000000000,S5,1
0003005.wav,19,S2,1
0003006.wav,7,S10,4
0003007.wav,20,S87,4
0003008.wav,0,S145,3
0003009.wav,1000000000,S88,2
0003010.wav,16,S163,2
0003011.wav,2,S6,4
0003012.wav,11,S166,1
0003013.wav,1000,S84,1
0003014.wav,1,S126,2
0003015.wav,11,S161,4
0003016.wav,40,S7,1
0003017.wav,1000,S99,2
0003018.wav,100,S55,2
0003019.wav,3,S128,3
0003020.wav,11,S77,1
0003021.wav,15,S165,4
0003022.wav,17,S1,4
0003023.wav,13,S106,4
0003024.wav,100,S164,2
0003025.wav,18,S113,2
0003026.wav,80,S78,1
0003027.wav,7,S2,4
0003028.wav,8,S148,3
0003029.wav,6,S113,4
0003030.wav,2,S40,3
0003031.wav,1,S94,1
0003032.wav,1000000000,S61,1
0003033.wav,4,S165,4
0003034.wav,6,S31,2
0003035.wav,18,S81,1
0003036.wav,1000,S141,2
0003037.wav,1000000000,S110,3
0003038.wav,3,S143,2
0003039.wav,13,S81,1
0003040.wav,8,S18,3
0003041.wav,30,S182,3
0003042.wav,0,S149,1
0003043.wav,0,S126,2
0003044.wav,5,S184,2
0003045.wav,7,S61,2
0003046.wav,19,S122,1
0003047.wav,4,S61,4
0003048.wav,7,S147,2
0003049.wav,5,S123,3
0003050.wav,1,S37,3
0003051.wav,80,S181,2
0003052.wav,20,S161,3
0003053.wav,6,S16,1
0003054.wav,10,S136,1
0003055.wav,16,S140,2
0003056.wav,2,S183,1
0003057.wav,60,S111,3
0003058.wav,30,S103,2
0003059.wav,0,S141,3
0003060.wav,5,S111,3
0003061.wav,5,S163,4
0003062.wav,12,S10,2
0003063.wav,50,S160,3
0003064.wav,16,S73,4
0003065.wav,1000,S66,1
0003066.wav,15,S180,4
0003067.wav,3,S119,2
0003068.wav,12,S83,3
0003069.wav,13,S125,1
0003070.wav,19,S77,1
0003071.wav,9,S82,4
0003072.wav,40,S82,3
0003073.wav,17,S12,2
0003074.wav,19,S143,4
0003075.wav,18,S30,3
0003076.wav,6,S102,3
0003077.wav,12,S30,3
0003078.wav,1000000000,S32,4
0003079.wav,30,S26,1
0003080.wav,90,S63,2
0003081.wav,2,S124,3
0003082.wav,40,S158,3
0003083.wav,10,S82,4
0003084.wav,18,S51,3
0003085.wav,15,S39,1
0003086.wav,1000000,S100,2
0003087.wav,13,S150,3
0003088.wav,17,S180,2
0003089.wav,100,S3,3
0003090.wav,40,S152,2
0003091.wav,30,S85,3
0003092.wav,50,S184,1
0003093.wav,5,S143,1
0003094.wav,14,S84,1
0003095.wav,60,S46,4
0003096.wav,13,S6,4
0003097.wav,30,S59,1
0003098.wav,10,S184,4
0003099.wav,1000,S177,3
0003100.wav,20,S18,1
0003101.wav,4,S47,4
0003102.wav,15,S40,3
0003103.wav,0,S82,1
0003104.wav,100,S17,2
0003105.wav,1000,S110,3
0003106.wav,2,S100,4
0003107.wav,60,S87,4
0003108.wav,12,S95,1
0003109.wav,1000,S123,4
0003110.wav,3,S19,4
0003111.wav,3,S134,1
0003112.wav,7,S139,4
0003113.wav,10,S133,2
0003114.wav,2,S183,3
0003115.wav,40,S16,4
0003116.wav,30,S67,3
0003117.wav,1000000000,S151,4
0003118.wav,0,S99,2
0003119.wav,13,S101,2
0003120.wav,30,S65,4
0003121.wav,80,S126,3
0003122.wav,13,S92,4
0003123.wav,1000000000,S101,3
0003124.wav,12,S181,1
0003125.wav,18,S139,4
0003126.wav,40,S70,2
0003127.wav,8,S30,4
0003128.wav,1000000,S46,2
0003129.wav,90,S158,4
0003130.wav,10,S150,3
0003131.wav,13,S50,2
0003132.wav,4,S91,2
0003133.wav,5,S30,3
0003134.wav,3,S98,2
0003135.wav,19,S144,3
0003136.wav,19,S28,1
0003137.wav,15,S140,2
0003138.wav,80,S146,3
0003139.wav,16,S171,1
0003140.wav,19,S142,2
0003141.wav,16,S58,2
0003142.wav,18,S165,4
0003143.wav,3,S120,4
0003144.wav,17,S114,3
0003145.wav,6,S95,3
0003146.wav,0,S94,2
0003147.wav,14,S178,3
0003148.wav,90,S6,4
0003149.wav,2,S117,1
0003150.wav,2,S45,3
0003151.wav,12,S28,4
0003152.wav,7,S181,2
0003153.wav,17,S154,4
0003154.wav,1000,S2,1
0003155.wav,1,S101,4
0003156.wav,13,S167,2
0003157.wav,1000,S114,1
0003158.wav,9,S115,3
0003159.wav,7,S145,4
0003160.wav,8,S6,4
0003161.wav,5,S156,1
0003162.wav,10,S42,1
0003163.wav,60,S161,1
0003164.wav,6,S67,4
0003165.wav,20,S55,3
0003166.wav,10,S7,1
0003167.wav,100,S89,2
0003168.wav,2,S79,2
0003169.wav,3,S87,4
0003170.wav,60,S117,4
0003171.wav,10,S150,3
0003172.wav,13,S71,3
0003173.wav,15,S179,3
0003174.wav,6,S108,1
0003175.wav,20,S158,4
0003176.wav,7,S135,2
0003177.wav,20,S11,4
0003178.wav,60,S11,1
0003179.wav,30,S63,1
0003180.wav,70,S106,1
0003181.wav,1000000000,S95,4
0003182.wav,1000000,S98,2
0003183.wav,1000,S47,2
0003184.wav,70,S54,1
0003185.wav,2,S87,2
0003186.wav,10,S97,1
0003187.wav,9,S115,3
0003188.wav,5,S59,4
0003189.wav,18,S178,3
0003190.wav,18,S60,1
0003191.wav,14,S176,1
0003192.wav,2,S72,1
0003193.wav,18,S81,2
0003194.wav,11,S133,3
0003195.wav,8,S87,2
0003196.wav,30,S133,4
0003197.wav,30,S4,4
0003198.wav,1,S58,3
0003199.wav,17,S50,1
0003200.wav,1000000000,S17,3
0003201.wav,60,S24,3
0003202.wav,3,S163,4
0003203.wav,1000000,S12,2
0003204.wav,1,S79,3
0003205.wav,1,S21,1
0003206.wav,19,S18,4
0003207.wav,70,S57,1
0003208.wav,3,S111,1
0003209.wav,17,S54,2
0003210.wav,4,S56,2
0003211.wav,1000000000,S77,2
0003212.wav,12,S146,4
0003213.wav,14,S59,2
0003214.wav,2,S5,4
0003215.wav,1,S168,1
0003216.wav,12,S87,3
0003217.wav,5,S106,4
0003218.wav,5,S92,3
0003219.wav,14,S184,2
0003220.wav,1000000,S139,1
0003221.wav,6,S135,2
0003222.wav,1000000,S8,4
0003223.wav,14,S111,2
0003224.wav,1000000,S143,1
0003225.wav,10,S88,1
0003226.wav,15,S15,4
0003227.wav,5,S151,4
0003228.wav,1000000,S153,2
0003229.wav,100,S36,1
0003230.wav,6,S17,2
0003231.wav,30,S5,3
0003232.wav,17,S81,1
0003233.wav,0,S29,3
0003234.wav,2,S150,3
0003235.wav,6,S151,3
0003236.wav,15,S149,4
0003237.wav,1000,S94,4
0003238.wav,30,S101,1
0003239.wav,10,S96,1
0003240.wav,11,S92,1
0003241.wav,1000,S174,3
0003242.wav,5,S22,2
0003243.wav,100,S23,1
0003244.wav,17,S35,3
0003245.wav,4,S40,3
0003246.wav,9,S43,2
0003247.wav,12,S153,1
0003248.wav,30,S123,4
0003249.wav,18,S104,4
0003250.wav,1,S108,3
0003251.wav,100,S133,4
0003252.wav,15,S59,1
0003253.wav,90,S14,1
0003254.wav,1000000,S38,2
0003255.wav,1000000,S124,2
0003256.wav,2,S80,4
0003257.wav,60,S100,4
0003258.wav,5,S26,3
0003259.wav,80,S119,3
0003260.wav,80,S75,3
0003261.wav,16,S59,1
0003262.wav,15,S48,1
0003263.wav,1000000000,S34,2
0003264.wav,0,S101,3
0003265.wav,13,S59,3
0003266.wav,4,S68,3
0003267.wav,0,S13,3
0003268.wav,1,S81,2
0003269.wav,9,S155,2
0003270.wav,80,S42,4
0003271.wav,7,S45,3
0003272.wav,90,S115,1
0003273.wav,100,S106,4
0003274.wav,15,S91,4
0003275.wav,18,S3,4
0003276.wav,7,S59,3
0003277.wav,90,S61,3
0003278.wav,1000000,S87,4
0003279.wav,90,S143,1
0003280.wav,3,S12,2
0003281.wav,18,S120,4
0003282.wav,15,S148,4
0003283.wav,11,S54,2
0003284.wav,1000,S47,4
0003285.wav,40,S34,3
0003286.wav,10,S147,2
0003287.wav,2,S124,1
0003288.wav,16,S180,3
0003289.wav,80,S8,4
0003290.wav,10,S100,3
0003291.wav,70,S79,1
0003292.wav,5,S27,2
0003293.wav,1,S140,2
0003294.wav,80,S119,3
0003295.wav,8,S51,3
0003296.wav,30,S149,2
0003297.wav,11,S35,4
0003298.wav,4,S156,3
0003299.wav,40,S109,1
0003300.wav,13,S81,3
0003301.wav,8,S58,4
0003302.wav,9,S61,1
0003303.wav,50,S83,2
0003304.wav,50,S96,4
0003305.wav,0,S125,2
0003306.wav,13,S52,2
0003307.wav,50,S7,2
0003308.wav,9,S101,1
0003309.wav,13,S18,1
0003310.wav,60,S130,4
0003311.wav,80,S14,2
0003312.wav,1,S179,1
0003313.wav,8,S123,4
0003314.wav,0,S37,2
0003315.wav,19,S154,4
0003316.wav,16,S49,4
0003317.wav,15,S110,2
0003318.wav,15,S59,4
0003319.wav,4,S108,2
0003320.wav,50,S126,4
0003321.wav,0,S41,3
0003322.wav,16,S158,2
0003323.wav,7,S40,2
0003324.wav,90,S174,2
0003325.wav,20,S166,3
0003326.wav,9,S12,4
0003327.wav,8,S24,2
0003328.wav,100,S116,2
0003329.wav,8,S34,2
0003330.wav,60,S2,2
0003331.wav,100,S128,3
0003332.wav,3,S182,1
0003333.wav,1000000000,S135,2
0003334.wav,15,S101,2
0003335.wav,4,S29,1
0003336.wav,2,S66,2
0003337.wav,15,S22,3
0003338.wav,13,S18,4
0003339.wav,16,S143,1
0003340.wav,1000000000,S171,4
0003341.wav,5,S52,1
0003342.wav,20,S74,4
0003343.wav,15,S84,1
0003344.wav,40,S49,3
0003345.wav,30,S73,4
0003346.wav,50,S172,4
0003347.wav,20,S37,3
0003348.wav,10,S121,2
0003349.wav,12,S94,4
0003350.wav,14,S64,2
0003351.wav,70,S176,2
0003352.wav,13,S35,3
0003353.wav,70,S23,2
0003354.wav,100,S97,3
0003355.wav,7,S34,4
0003356.wav,40,S30,4
0003357.wav,80,S183,1
0003358.wav,16,S129,3
0003359.wav,40,S172,4
0003360.wav,90,S152,3
0003361.wav,15,S147,3
0003362.wav,70,S167,4
0003363.wav,9,S167,1
0003364.wav,80,S24,3
0003365.wav,0,S51,3
0003366.wav,19,S66,1
0003367.wav,4,S136,2
0003368.wav,1000000,S74,4
0003369.wav,13,S111,2
0003370.wav,15,S153,2
0003371.wav,5,S181,2
0003372.wav,4,S145,2
0003373.wav,6,S173,1
0003374.wav,100,S168,3
0003375.wav,30,S2,3
0003376.wav,60,S14,1
0003377.wav,4,S141,3
0003378.wav,9,S52,1
0003379.wav,60,S167,3
0003380.wav,4,S160,1
0003381.wav,10,S30,1
0003382.wav,8,S75,2
0003383.wav,19,S72,1
0003384.wav,14,S147,3
0003385.wav,100,S136,3
0003386.wav,1000000,S23,4
0003387.wav,10,S22,3
0003388.wav,11,S52,3
0003389.wav,50,S90,3
0003390.wav,9,S69,4
0003391.wav,50,S169,2
0003392.wav,6,S107,4
0003393.wav,80,S155,4
0003394.wav,4,S41,4
0003395.wav,30,S18,4
0003396.wav,5,S149,1
0003397.wav,6,S63,2
0003398.wav,4,S167,3
0003399.wav,1000,S91,1
0003400.wav,100,S24,2
0003401.wav,7,S27,3
0003402.wav,6,S42,1
0003403.wav,1000,S162,3
0003404.wav,8,S119,3
0003405.wav,20,S120,4
0003406.wav,2,S174,4
0003407.wav,70,S111,1
0003408.wav,5,S97,2
0003409.wav,90,S22,2
0003410.wav,12,S148,1
0003411.wav,19,S43,3
0003412.wav,80,S156,4
0003413.wav,80,S78,3
0003414.wav,13,S146,3
0003415.wav,3,S18,2
0003416.wav,13,S41,2
0003417.wav,8,S10,2
0003418.wav,0,S2,3
0003419.wav,11,S35,1
0003420.wav,5,S120,2
0003421.wav,1000,S182,3
0003422.wav,18,S64,2
0003423.wav,5,S45,3
0003424.wav,80,S40,2
0003425.wav,6,S12,1
0003426.wav,30,S52,3
0003427.wav,5,S142,2
0003428.wav,2,S145,2
0003429.wav,3,S164,4
0003430.wav,16,S172,2
0003431.wav,30,S68,4
0003432.wav,1000000000,S90,4
0003433.wav,3,S114,3
0003434.wav,1,S173,1
0003435.wav,30,S153,1
0003436.wav,11,S65,3
0003437.wav,80,S94,2
0003438.wav,16,S55,2
0003439.wav,18,S93,1
0003440.wav,14,S84,1
0003441.wav,4,S60,4
0003442.wav,18,S154,3
0003443.wav,16,S128,3
0003444.wav,70,S109,3
0003445.wav,13,S22,2
0003446.wav,60,S124,4
0003447.wav,1000000,S114,4
0003448.wav,13,S22,2
0003449.wav,13,S52,4
0003450.wav,11,S111,2
0003451.wav,11,S103,2
0003452.wav,19,S42,4
0003453.wav,50,S15,2
0003454.wav,8,S154,2
0003455.wav,17,S96,4
0003456.wav,16,S126,4
0003457.wav,80,S62,1
0003458.wav,60,S129,4
0003459.wav,2,S58,4
0003460.wav,9,S33,1
0003461.wav,100,S145,4
0003462.wav,2,S16,2
0003463.wav,7,S58,4
0003464.wav,100,S7,3
0003465.wav,8,S129,2
0003466.wav,30,S123,4
0003467.wav,16,S64,2
0003468.wav,17,S94,2
0003469.wav,6,S76,1
0003470.wav,1000000000,S182,2
0003471.wav,15,S49,1
0003472.wav,7,S167,2
0003473.wav,18,S28,4
0003474.wav,17,S170,2
0003475.wav,16,S45,3
0003476.wav,17,S38,3
0003477.wav,1000000,S156,4
0003478.wav,7,S117,2
0003479.wav,5,S37,3
0003480.wav,40,S138,4
0003481.wav,0,S85,1
0003482.wav,6,S43,3
0003483.wav,6,S162,4
0003484.wav,20,S170,4
0003485.wav,1000000000,S74,4
0003486.wav,12,S5,4
0003487.wav,100,S171,3
0003488.wav,2,S182,2
0003489.wav,12,S163,2
0003490.wav,100,S62,4
0003491.wav,1000,S43,1
0003492.wav,3,S34,2
0003493.wav,8,S86,2
0003494.wav,8,S136,1
0003495.wav,30,S126,3
0003496.wav,19,S133,4
0003497.wav,6,S2,2
0003498.wav,5,S120,3
0003499.wav,90,S170,2
0003500.wav,30,S44,1
0003501.wav,60,S9,4
0003502.wav,70,S90,2
0003503.wav,70,S80,3
0003504.wav,2,S159,2
0003505.wav,3,S138,3
0003506.wav,14,S62,2
0003507.wav,0,S149,4
0003508.wav,17,S166,4
0003509.wav,17,S3,1
0003510.wav,20,S95,4
0003511.wav,5,S84,2
0003512.wav,60,S25,1
0003513.wav,2,S51,3
0003514.wav,16,S163,2
0003515.wav,6,S25,4
0003516.wav,2,S146,1
0003517.wav,19,S184,2
0003518.wav,80,S24,4
0003519.wav,3,S43,4
0003520.wav,9,S103,4
0003521.wav,16,S184,4
0003522.wav,15,S75,4
0003523.wav,1000000,S43,3
0003524.wav,7,S111,3
0003525.wav,14,S57,4
0003526.wav,6,S90,4
0003527.wav,5,S98,2
0003528.wav,4,S75,4
0003529.wav,8,S139,1
0003530.wav,0,S18,3
0003531.wav,6,S49,4
0003532.wav,1000000000,S120,4
0003533.wav,7,S72,1
0003534.wav,3,S7,3
0003535.wav,18,S53,4
0003536.wav,13,S10,2
0003537.wav,16,S169,1
0003538.wav,7,S74,2
0003539.wav,19,S150,1
0003540.wav,90,S178,2
0003541.wav,20,S49,1
0003542.wav,7,S17,4
0003543.wav,4,S111,4
0003544.wav,8,S5,2
0003545.wav,30,S142,3
0003546.wav,10,S61,4
0003547.wav,30,S92,3
0003548.wav,7,S34,1
0003549.wav,17,S171,1
0003550.wav,100,S37,3
0003551.wav,15,S148,3
0003552.wav,60,S1,2
0003553.wav,7,S112,3
0003554.wav,10,S86,2
0003555.wav,5,S57,4
0003556.wav,13,S87,1
0003557.wav,10,S63,3
0003558.wav,1000,S43,3
0003559.wav,12,S120,3
0003560.wav,14,S123,3
0003561.wav,17,S7,2
0003562.wav,19,S22,2
0003563.wav,3,S51,3
0003564.wav,14,S152,2
0003565.wav,12,S156,3
0003566.wav,3,S37,1
0003567.wav,1000000,S61,2
0003568.wav,8,S149,1
0003569.wav,3,S22,2
0003570.wav,50,S146,4
0003571.wav,90,S106,3
0003572.wav,8,S158,1
0003573.wav,30,S96,1
0003574.wav,20,S136,3
0003575.wav,80,S183,1
0003576.wav,13,S74,1
0003577.wav,80,S164,1
0003578.wav,80,S90,4
0003579.wav,0,S7,4
0003580.wav,1000000000,S82,3
0003581.wav,2,S66,4
0003582.wav,20,S35,4
0003583.wav,3,S80,1
0003584.wav,19,S147,3
0003585.wav,6,S62,2
0003586.wav,9,S97,2
0003587.wav,14,S36,1
0003588.wav,8,S53,3
0003589.wav,15,S39,3
0003590.wav,50,S146,3
0003591.wav,3,S5,4
0003592.wav,40,S151,2
0003593.wav,80,S74,3
0003594.wav,1000000000,S107,3
0003595.wav,1,S107,4
0003596.wav,19,S59,2
0003597.wav,6,S164,4
0003598.wav,60,S102,4
0003599.wav,1000,S85,1
0003600.wav,1000000000,S54,2
0003601.wav,40,S182,3
0003602.wav,70,S151,2
0003603.wav,40,S98,2
0003604.wav,16,S18,1
0003605.wav,60,S9,3
0003606.wav,90,S154,4
0003607.wav,90,S69,1
0003608.wav,14,S65,4
0003609.wav,6,S57,2
0003610.wav,19,S168,2
0003611.wav,7,S144,4
0003612.wav,10,S180,2
0003613.wav,10,S153,4
0003614.wav,13,S122,2
0003615.wav,12,S127,3
0003616.wav,1,S104,1
0003617.wav,1000000,S55,2
0003618.wav,14,S87,3
0003619.wav,1000000000,S155,1
0003620.wav,1000000000,S53,3
0003621.wav,12,S10,3
0003622.wav,50,S63,4
0003623.wav,6,S134,3
0003624.wav,10,S156,3
0003625.wav,14,S50,1
0003626.wav,100,S99,1
0003627.wav,14,S129,4
0003628.wav,0,S101,1
0003629.wav,7,S88,2
0003630.wav,1,S143,4
0003631.wav,3,S62,2
0003632.wav,70,S2,3
0003633.wav,4,S22,4
0003634.wav,2,S160,3
0003635.wav,30,S58,4
0003636.wav,18,S126,3
0003637.wav,17,S140,2
0003638.wav,18,S153,1
0003639.wav,5,S80,4
0003640.wav,9,S41,3
0003641.wav,1,S7,3
0003642.wav,8,S150,2
0003643.wav,20,S14,2
0003644.wav,50,S52,2
0003645.wav,8,S32,3
0003646.wav,6,S154,3
0003647.wav,5,S142,1
0003648.wav,40,S121,2
0003649.wav,50,S162,2
0003650.wav,20,S90,4
0003651.wav,1,S149,3
0003652.wav,80,S160,1
0003653.wav,15,S143,1
0003654.wav,70,S176,4
0003655.wav,9,S106,2
0003656.wav,15,S87,3
0003657.wav,14,S38,3
0003658.wav,5,S154,3
0003659.wav,50,S37,4
0003660.wav,2,S30,2
0003661.wav,5,S59,1
0003662.wav,70,S127,1
0003663.wav,9,S156,2
0003664.wav,16,S12,2
0003665.wav,1000000,S41,4
0003666.wav,30,S42,4
0003667.wav,5,S6,3
0003668.wav,12,S120,4
0003669.wav,18,S89,2
0003670.wav,1000000,S54,3
0003671.wav,8,S81,3
0003672.wav,18,S7,1
0003673.wav,10,S2,3
0003674.wav,0,S24,1
0003675.wav,5,S100,2
0003676.wav,80,S90,4
0003677.wav,1,S1,3
0003678.wav,14,S6,4
0003679.wav,5,S125,3
0003680.wav,17,S112,3
0003681.wav,1,S18,2
0003682.wav,4,S32,4
0003683.wav,1000,S1,1
0003684.wav,5,S145,4
0003685.wav,17,S155,2
0003686.wav,50,S3,3
0003687.wav,12,S41,4
0003688.wav,60,S169,2
0003689.wav,60,S13,4
0003690.wav,7,S61,4
0003691.wav,40,S58,3
0003692.wav,100,S20,1
0003693.wav,20,S172,1
0003694.wav,20,S115,1
0003695.wav,7,S104,4
0003696.wav,13,S43,4
0003697.wav,50,S138,1
0003698.wav,50,S178,2
0003699.wav,15,S24,2
0003700.wav,12,S80,4
0003701.wav,4,S15,1
0003702.wav,18,S157,2
0003703.wav,40,S59,1
0003704.wav,7,S144,3
0003705.wav,100,S24,3
0003706.wav,5,S170,3
0003707.wav,5,S36,3
0003708.wav,9,S28,1
0003709.wav,10,S107,2
0003710.wav,15,S153,1
0003711.wav,1000000,S123,4
0003712.wav,80,S2,3
0003713.wav,1000000000,S81,2
0003714.wav,17,S107,3
0003715.wav,1000000000,S165,2
0003716.wav,17,S101,4
0003717.wav,5,S126,1
0003718.wav,100,S96,3
0003719.wav,0,S129,3
0003720.wav,11,S81,4
0003721.wav,17,S9,1
0003722.wav,20,S42,4
0003723.wav,70,S25,1
0003724.wav,20,S13,1
0003725.wav,19,S146,3
0003726.wav,80,S103,2
0003727.wav,18,S136,4
0003728.wav,90,S181,1
0003729.wav,40,S34,2
0003730.wav,100,S89,2
0003731.wav,100,S172,4
0003732.wav,7,S156,3
0003733.wav,7,S55,2
0003734.wav,5,S5,3
0003735.wav,15,S178,4
0003736.wav,5,S10,1
0003737.wav,8,S182,4
0003738.wav,70,S119,1
0003739.wav,5,S29,4
0003740.wav,4,S172,2
0003741.wav,16,S34,2
0003742.wav,10,S149,3
0003743.wav,50,S146,4
0003744.wav,13,S182,4
0003745.wav,70,S104,4
0003746.wav,18,S58,2
0003747.wav,9,S146,3
0003748.wav,0,S112,4
0003749.wav,5,S137,3
0003750.wav,6,S20,1
0003751.wav,1000000,S96,4
0003752.wav,15,S167,1
0003753.wav,12,S126,4
0003754.wav,1000000,S44,4
0003755.wav,50,S149,1
0003756.wav,8,S178,2
0003757.wav,11,S116,4
0003758.wav,8,S136,4
0003759.wav,20,S7,3
0003760.wav,10,S116,1
0003761.wav,17,S12,3
0003762.wav,14,S129,4
0003763.wav,9,S96,1
0003764.wav,10,S18,1
0003765.wav,30,S168,3
0003766.wav,12,S154,3
0003767.wav,90,S106,4
0003768.wav,9,S22,4
0003769.wav,1000,S66,1
0003770.wav,9,S105,3
0003771.wav,9,S10,3
0003772.wav,1000,S87,4
0003773.wav,1000,S97,2
0003774.wav,0,S182,4
0003775.wav,40,S152,3
0003776.wav,9,S120,3
0003777.wav,8,S132,2
0003778.wav,12,S92,2
0003779.wav,17,S181,3
0003780.wav,15,S44,3
0003781.wav,10,S58,4
0003782.wav,15,S148,1
0003783.wav,19,S139,4
0003784.wav,20,S10,4
0003785.wav,4,S91,3
0003786.wav,14,S150,1
0003787.wav,30,S53,3
0003788.wav,1000,S112,4
0003789.wav,11,S141,2
0003790.wav,13,S54,1
0003791.wav,19,S40,4
0003792.wav,15,S42,4
0003793.wav,9,S68,2
0003794.wav,50,S74,4
0003795.wav,80,S30,1
0003796.wav,1000000000,S153,2
0003797.wav,50,S64,1
0003798.wav,17,S58,2
0003799.wav,2,S140,3
0003800.wav,18,S52,4
0003801.wav,13,S170,2
0003802.wav,40,S20,1
0003803.wav,18,S148,4
0003804.wav,14,S161,3
0003805.wav,15,S139,3
0003806.wav,1000,S24,1
0003807.wav,80,S26,2
0003808.wav,1000,S16,2
0003809.wav,60,S92,1
0003810.wav,14,S39,1
0003811.wav,14,S72,3
0003812.wav,30,S156,3
0003813.wav,19,S3,4
0003814.wav,7,S127,3
0003815.wav,14,S45,4
0003816.wav,80,S158,1
0003817.wav,40,S180,2
0003818.wav,11,S42,2
0003819.wav,5,S124,4
0003820.wav,30,S149,1
0003821.wav,3,S47,3
0003822.wav,3,S75,2
0003823.wav,1000,S55,2
0003824.wav,20,S94,2
0003825.wav,20,S136,4
0003826.wav,70,S7,1
0003827.wav,80,S169,1
0003828.wav,18,S50,3
0003829.wav,9,S44,4
0003830.wav,13,S5,4
0003831.wav,60,S12,4
0003832.wav,16,S46,4
0003833.wav,5,S142,4
0003834.wav,13,S78,3
0003835.wav,16,S60,4
0003836.wav,20,S110,2
0003837.wav,100,S54,1
0003838.wav,1,S38,4
0003839.wav,4,S43,3
0003840.wav,7,S174,2
0003841.wav,6,S162,2
0003842.wav,10,S1,2
0003843.wav,13,S142,3
0003844.wav,1,S110,2
0003845.wav,80,S43,1
0003846.wav,4,S180,4
0003847.wav,1000,S72,2
0003848.wav,13,S165,3
0003849.wav,12,S103,3
0003850.wav,6,S1,3
0003851.wav,7,S15,1
0003852.wav,70,S154,1
0003853.wav,13,S25,2
0003854.wav,3,S143,3
0003855.wav,90,S12,3
0003856.wav,1,S12,3
0003857.wav,1000000000,S129,4
0003858.wav,12,S133,1
0003859.wav,1000000000,S109,4
0003860.wav,8,S19,1
0003861.wav,17,S145,2
0003862.wav,30,S29,3
0003863.wav,100,S168,4
0003864.wav,40,S53,1
0003865.wav,1,S106,4
0003866.wav,6,S45,1
0003867.wav,17,S38,1
0003868.wav,1000000000,S142,1
0003869.wav,15,S60,1
0003870.wav,13,S108,1
0003871.wav,40,S181,3
0003872.wav,12,S99,4
0003873.wav,12,S149,2
0003874.wav,50,S155,3
0003875.wav,14,S65,4
0003876.wav,16,S142,1
0003877.wav,1000000,S7,4
0003878.wav,16,S16,4
0003879.wav,1,S147,2
0003880.wav,0,S133,2
0003881.wav,0,S22,4
0003882.wav,14,S110,2
0003883.wav,3,S51,1
0003884.wav,50,S5,4
0003885.wav,14,S78,1
0003886.wav,1000000000,S162,1
0003887.wav,2,S141,4
0003888.wav,70,S86,2
0003889.wav,90,S65,4
0003890.wav,40,S129,3
0003891.wav,19,S15,4
0003892.wav,17,S81,4
0003893.wav,1000,S154,2
0003894.wav,6,S99,4
0003895.wav,17,S72,3
0003896.wav,2,S88,2
0003897.wav,16,S148,4
0003898.wav,90,S107,3
0003899.wav,4,S138,2
0003900.wav,15,S145,3
0003901.wav,13,S7,1
0003902.wav,70,S36,1
0003903.wav,6,S83,3
0003904.wav,1000000000,S25,3
0003905.wav,19,S173,1
0003906.wav,17,S182,1
0003907.wav,80,S112,1
0003908.wav,70,S133,3
0003909.wav,4,S52,2
0003910.wav,2,S46,3
0003911.wav,10,S169,3
0003912.wav,14,S47,1
0003913.wav,12,S51,1
0003914.wav,70,S51,1
0003915.wav,50,S67,1
0003916.wav,1000,S112,4
0003917.wav,9,S62,2
0003918.wav,1,S68,1
0003919.wav,13,S27,2
0003920.wav,18,S114,1
0003922.wav,6,S160,3
0003923.wav,4,S121,1
0003925.wav,3,S93,3
0003926.wav,30,S29,2
0003927.wav,18,S13,3
0003928.wav,3,S9,1
0003929.wav,3,S115,3
0003930.wav,30,S141,3
0003932.wav,30,S19,3
0003933.wav,20,S167,3
0003934.wav,9,S150,1
0003937.wav,9,S139,3
0003938.wav,40,S40,3
0003939.wav,70,S71,1
0003940.wav,16,S43,3
0003942.wav,60,S154,1
0003943.wav,100,S151,3
0003944.wav,19,S94,3
0003948.wav,90,S6,3
0003951.wav,18,S156,3
0003954.wav,30,S27,1
0003955.wav,1000000000,S141,3
0003957.wav,1000,S111,1
0003958.wav,1000,S122,1
0003964.wav,18,S7,1
0003969.wav,11,S171,3
0003972.wav,16,S49,1
0003974.wav,18,S156,3
0003978.wav,80,S46,3
0003979.wav,5,S132,3
0003982.wav,1,S147,3
0003989.wav,30,S41,1
0003992.wav,6,S155,3
0003993.wav,15,S80,1
0003995.wav,1,S136,3
0003998.wav,12,S130,1
0003999.wav,14,S100,3
0004003.wav,0,S3,1
0004007.wav,1,S78,3
0004008.wav,13,S168,3
0004012.wav,4,S43,1
0004013.wav,60,S95,3
0004014.wav,2,S167,3
0004015.wav,2,S176,1
0004017.wav,50,S66,3
0004019.wav,8,S129,1
0004021.wav,18,S41,3
0004023.wav,100,S117,1
0004028.wav,20,S12,3
0004029.wav,17,S152,3
0004033.wav,1000000,S103,1
0004036.wav,16,S4,1
0004037.wav,1000,S78,1
0004038.wav,12,S84,1
0004039.wav,0,S128,1
0004040.wav,11,S122,1
0004041.wav,20,S83,3
0004047.wav,18,S133,1
0004051.wav,50,S58,1
0004053.wav,1,S160,3
0004057.wav,12,S42,3
0004059.wav,16,S30,3
0004060.wav,16,S122,1
0004064.wav,0,S93,1
0004065.wav,100,S92,1
0004067.wav,3,S146,1
0004068.wav,50,S99,1
0004073.wav,1000000000,S49,1
0004079.wav,90,S83,1
0004091.wav,3,S6,1
0004095.wav,1,S85,1
0004099.wav,13,S155,1
0004101.wav,5,S35,1
0004103.wav,100,S63,1
0004105.wav,50,S72,1
0004108.wav,16,S8,1
0004114.wav,7,S157,1
0004116.wav,14,S47,1
0004118.wav,50,S19,1